,$\tilde{\beta}$,$\theta$,$k$
0,15.621421813964844,6.055078029632568,0.47208619117736816
1,19.3936710357666,7.293140888214111,0.48025065660476685
2,17.886693954467773,9.929312705993652,0.5131042003631592
3,16.40274429321289,6.561321258544922,0.6219832897186279
4,12.329115867614746,10.581644058227539,0.5779383778572083
5,17.208372116088867,6.640621185302734,0.4429474174976349
6,10.462496757507324,8.868537902832031,0.36333155632019043
7,16.001197814941406,8.977193832397461,0.5033712983131409
8,19.44369125366211,7.661808013916016,0.4859251081943512
9,10.15274429321289,7.3995490074157715,0.5090104341506958
10,14.514719009399414,7.9138712882995605,0.40249472856521606
11,14.341172218322754,7.093231678009033,0.6553182005882263
12,11.692333221435547,9.246336936950684,0.33906346559524536
13,16.49944305419922,8.543464660644531,0.481869101524353
14,13.077569961547852,8.581650733947754,0.5458455085754395
15,11.615917205810547,10.131617546081543,0.5148287415504456
16,14.842734336853027,8.83963394165039,0.5112277269363403
17,18.286357879638672,8.113699913024902,0.5067222714424133
18,10.802361488342285,11.671333312988281,0.5359119176864624
19,12.59326171875,8.81872844696045,0.4346921741962433
20,16.888202667236328,7.520712375640869,0.3365837037563324
21,18.085756301879883,9.329358100891113,0.510777473449707
22,13.468745231628418,7.682704925537109,0.417083203792572
23,11.655963897705078,7.577439308166504,0.37267598509788513
24,17.585182189941406,7.499190330505371,0.6996159553527832
25,13.997417449951172,7.056650161743164,0.585565447807312
26,12.9728422164917,7.780855178833008,0.5303991436958313
27,13.103327751159668,10.98620891571045,0.39274320006370544
28,13.297561645507812,8.394232749938965,0.48888805508613586
29,13.163036346435547,10.302651405334473,0.41645845770835876
30,14.952140808105469,10.0704927444458,0.3694707751274109
31,14.785016059875488,9.66347885131836,0.35019350051879883
32,13.801960945129395,7.192474842071533,0.433728963136673
33,13.810157775878906,9.381755828857422,0.4131561815738678
34,10.692987442016602,9.489826202392578,0.5477495789527893
35,16.226886749267578,11.13266372680664,0.46272534132003784
36,12.067215919494629,6.376481533050537,0.4328656792640686
37,16.45079803466797,6.551869869232178,0.49411579966545105
38,15.65388011932373,6.707550048828125,0.436390221118927
39,14.66540813446045,6.71189022064209,0.6073158383369446
40,11.499602317810059,9.70672607421875,0.33436983823776245
41,14.249917984008789,7.3860602378845215,0.4187529981136322
42,15.445192337036133,5.144094467163086,0.38222870230674744
43,14.142534255981445,7.627808094024658,0.4185478389263153
44,11.06441879272461,8.526007652282715,0.5834031701087952
45,11.738588333129883,8.402688980102539,0.5142520666122437
46,13.772659301757812,8.861832618713379,0.47718101739883423
47,12.350610733032227,9.414155006408691,0.43011900782585144
48,11.907083511352539,7.741273880004883,0.5696486830711365
49,14.55613899230957,7.205127716064453,0.41472771763801575
50,12.390270233154297,7.109490394592285,0.48834675550460815
51,18.307144165039062,8.142740249633789,0.5888317227363586
52,17.000043869018555,8.19919204711914,0.41408729553222656
53,20.272445678710938,9.117079734802246,0.5389798283576965
54,16.374364852905273,10.362345695495605,0.5245909094810486
55,11.95005989074707,9.094392776489258,0.6398820281028748
56,12.93043327331543,10.152993202209473,0.6544173955917358
57,14.823877334594727,8.806502342224121,0.3995363116264343
58,14.973612785339355,10.090761184692383,0.5176266431808472
59,17.375822067260742,9.60726547241211,0.6839653253555298
60,16.1534366607666,11.501998901367188,0.39379531145095825
61,11.579572677612305,7.597158908843994,0.46911391615867615
62,14.415275573730469,9.517814636230469,0.5995208621025085
63,10.519848823547363,6.708885669708252,0.6509157419204712
64,10.592763900756836,10.805909156799316,0.3893345594406128
65,13.634501457214355,8.740921974182129,0.4201148450374603
66,15.614164352416992,7.289581775665283,0.45631521940231323
67,17.955732345581055,8.001171112060547,0.3957751393318176
68,10.681055068969727,9.807146072387695,0.524284839630127
69,15.29423713684082,9.937430381774902,0.5280143022537231
70,12.048422813415527,8.345390319824219,0.4348459839820862
71,12.084833145141602,8.907624244689941,0.4681268036365509
72,10.365113258361816,10.700512886047363,0.5144743323326111
73,14.095229148864746,9.430994987487793,0.6012313365936279
74,13.226425170898438,10.647661209106445,0.4868227243423462
75,13.325589179992676,9.076944351196289,0.428216814994812
76,14.807875633239746,7.500218391418457,0.4746258854866028
77,14.327010154724121,12.698003768920898,0.5638877749443054
78,9.582673072814941,9.94887638092041,0.46727418899536133
79,12.489758491516113,9.520206451416016,0.3252094089984894
80,12.433439254760742,7.207977294921875,0.38330474495887756
81,14.982744216918945,9.745009422302246,0.6027668118476868
82,14.74077320098877,7.858283996582031,0.3376650810241699
83,13.735734939575195,10.993831634521484,0.4200454354286194
84,12.871407508850098,9.723748207092285,0.4110960066318512
85,11.095603942871094,11.3069486618042,0.3794736862182617
86,13.8525390625,9.997206687927246,0.2984601557254791
87,16.898897171020508,8.948906898498535,0.5056801438331604
88,13.523062705993652,8.08199691772461,0.4649595320224762
89,13.066630363464355,9.099190711975098,0.4004553258419037
90,14.742435455322266,7.350296974182129,0.36835673451423645
91,21.181461334228516,7.527400016784668,0.3468099534511566
92,13.919221878051758,7.257638931274414,0.589363694190979
93,11.3156156539917,10.491479873657227,0.39118000864982605
94,17.095312118530273,9.167257308959961,0.5398828387260437
95,16.16620635986328,10.814228057861328,0.7991366386413574
96,19.123815536499023,8.431604385375977,0.570440948009491
97,13.569670677185059,6.578707695007324,0.39352843165397644
98,10.991399765014648,5.442496299743652,0.47474315762519836
99,13.671834945678711,8.76768684387207,0.42980310320854187
100,22.519590377807617,6.959641456604004,0.451809287071228
101,13.218077659606934,8.23296070098877,0.5042743682861328
102,13.861891746520996,10.177483558654785,0.48798447847366333
103,15.48033332824707,9.878312110900879,0.5124760866165161
104,14.599076271057129,12.25218391418457,0.5888927578926086
105,13.557201385498047,11.125995635986328,0.5023738741874695
106,16.090234756469727,9.583257675170898,0.4082522392272949
107,15.062482833862305,8.72138786315918,0.4721798300743103
108,15.025205612182617,8.122706413269043,0.48768189549446106
109,12.441848754882812,8.920500755310059,0.5207322239875793
110,12.424010276794434,8.651302337646484,0.46265119314193726
111,15.168391227722168,8.331223487854004,0.5982561707496643
112,11.541566848754883,9.11502742767334,0.5066118836402893
113,12.098847389221191,9.399389266967773,0.28707602620124817
114,18.83125114440918,9.092344284057617,0.4202693998813629
115,16.044897079467773,7.703884601593018,0.3991083800792694
116,10.64008617401123,7.671319961547852,0.5191008448600769
117,15.690165519714355,8.578054428100586,0.3430776596069336
118,12.58513355255127,9.065057754516602,0.3945101797580719
119,17.70564842224121,7.124107360839844,0.4607711136341095
120,11.01429557800293,8.873106002807617,0.3900195360183716
121,13.656027793884277,5.545907497406006,0.4913758337497711
122,13.749601364135742,8.649563789367676,0.4608265161514282
123,23.03035545349121,9.253033638000488,0.3512817919254303
124,16.616836547851562,8.02541732788086,0.5211488008499146
125,12.615303993225098,8.573527336120605,0.4756909906864166
126,14.48478889465332,6.9252777099609375,0.6309351921081543
127,14.27891731262207,8.507633209228516,0.38118916749954224
128,12.346135139465332,8.758151054382324,0.32467731833457947
129,11.04340648651123,4.957830905914307,0.48654747009277344
130,14.914183616638184,7.908246994018555,0.5332328677177429
131,11.130597114562988,13.696257591247559,0.6094115972518921
132,14.131919860839844,9.006745338439941,0.46979668736457825
133,12.659562110900879,7.559018135070801,0.3776991665363312
134,15.709506034851074,7.36282205581665,0.5619379878044128
135,13.535304069519043,11.432555198669434,0.388146311044693
136,18.36501693725586,9.8934907913208,0.4229116439819336
137,16.584564208984375,11.028098106384277,0.4415169060230255
138,14.846368789672852,10.393499374389648,0.5468055009841919
139,15.852884292602539,10.306796073913574,0.436480849981308
140,12.363883018493652,9.204254150390625,0.676297128200531
141,13.101737022399902,7.433229923248291,0.3814930319786072
142,14.773356437683105,10.775558471679688,0.5656230449676514
143,14.439054489135742,8.48709487915039,0.5505630970001221
144,15.696342468261719,6.609657287597656,0.7563654184341431
145,16.226041793823242,9.060967445373535,0.5744458436965942
146,10.496224403381348,10.100525856018066,0.443342924118042
147,15.55499267578125,11.150278091430664,0.38487961888313293
148,13.20331859588623,8.429576873779297,0.41490548849105835
149,16.7028865814209,7.066519260406494,0.41682493686676025
150,15.650753021240234,11.417393684387207,0.4350196421146393
151,13.224255561828613,8.245940208435059,0.5905840992927551
152,10.453219413757324,10.588955879211426,0.4997224807739258
153,18.622997283935547,5.478890419006348,0.40694287419319153
154,16.517887115478516,11.222023010253906,0.3847360908985138
155,15.576981544494629,9.982522964477539,0.5357327461242676
156,13.644497871398926,8.680448532104492,0.40957894921302795
157,10.848103523254395,8.596970558166504,0.4363687336444855
158,14.250067710876465,6.851215362548828,0.5159586071968079
159,15.438715934753418,7.622955799102783,0.3676902651786804
160,12.625432014465332,8.201798439025879,0.35328248143196106
161,14.783941268920898,7.309688091278076,0.5282748937606812
162,12.628120422363281,6.483230113983154,0.4171343445777893
163,17.69864273071289,11.158384323120117,0.5263261795043945
164,11.456075668334961,8.415722846984863,0.4476407766342163
165,13.35056209564209,7.017274379730225,0.4566905200481415
166,15.855386734008789,6.751988410949707,0.4818169176578522
167,14.354448318481445,6.832508563995361,0.6502728462219238
168,15.083038330078125,8.013725280761719,0.3821251392364502
169,13.606232643127441,8.98977279663086,0.49217721819877625
170,12.875094413757324,8.184571266174316,0.626156747341156
171,12.472764015197754,8.849739074707031,0.6058127284049988
172,14.75403881072998,9.19806957244873,0.5845705270767212
173,9.775609970092773,10.796141624450684,0.509758472442627
174,12.943115234375,6.828916549682617,0.5503546595573425
175,13.47523307800293,8.463329315185547,0.40969499945640564
176,10.104165077209473,8.047643661499023,0.5689775943756104
177,14.612716674804688,7.572386264801025,0.5606211423873901
178,13.250277519226074,8.849082946777344,0.5178457498550415
179,10.68960189819336,6.965448379516602,0.541506826877594
180,15.08522891998291,8.473376274108887,0.474346786737442
181,15.49848747253418,8.380906105041504,0.4139009714126587
182,17.52218246459961,7.453098297119141,0.40122249722480774
183,12.010986328125,8.78953742980957,0.47176745533943176
184,12.029720306396484,7.15084171295166,0.40075093507766724
185,12.0281343460083,5.943335056304932,0.4649253189563751
186,11.604974746704102,7.6696577072143555,0.4405871629714966
187,15.498564720153809,7.050354480743408,0.6268356442451477
188,16.9135684967041,7.79600191116333,0.740927517414093
189,14.377721786499023,7.99344539642334,0.43242552876472473
190,17.30530548095703,7.322044849395752,0.45578479766845703
191,18.701967239379883,11.125800132751465,0.49670812487602234
192,9.282773971557617,8.651267051696777,0.4435589611530304
193,15.628890991210938,7.971695423126221,0.4614468514919281
194,18.553936004638672,9.429740905761719,0.4731186330318451
195,11.730480194091797,10.712181091308594,0.40463027358055115
196,10.554835319519043,7.914763927459717,0.3666309118270874
197,14.72563648223877,9.937314987182617,0.4325962960720062
198,21.224748611450195,7.622684955596924,0.47708365321159363
199,12.556304931640625,9.903414726257324,0.6044931411743164
200,12.576186180114746,9.513632774353027,0.4665645956993103
201,11.26717758178711,6.248579025268555,0.41652214527130127
202,12.244389533996582,5.698591709136963,0.45795392990112305
203,14.762227058410645,7.157395839691162,0.46224838495254517
204,16.707088470458984,7.448426246643066,0.5671018362045288
205,13.696930885314941,11.571878433227539,0.4897098243236542
206,12.894207954406738,6.530578136444092,0.3725901246070862
207,13.701689720153809,9.19743824005127,0.4559771418571472
208,16.697988510131836,10.169947624206543,0.5287294983863831
209,12.902698516845703,9.544492721557617,0.5322481393814087
210,14.850298881530762,5.57066535949707,0.4202992618083954
211,13.62824821472168,9.538302421569824,0.39686480164527893
212,13.60267448425293,10.206316947937012,0.36770808696746826
213,16.514137268066406,9.127917289733887,0.4867440462112427
214,12.550285339355469,9.204861640930176,0.519557535648346
215,16.374298095703125,8.9203519821167,0.5875279307365417
216,17.51697540283203,7.353989601135254,0.7202388644218445
217,16.574575424194336,7.27094030380249,0.4267110228538513
218,11.67335033416748,8.984793663024902,0.5379910469055176
219,14.934857368469238,9.534980773925781,0.4294015169143677
220,12.838506698608398,7.73469877243042,0.4267287254333496
221,9.9536714553833,9.996338844299316,0.40498942136764526
222,15.079597473144531,7.2381367683410645,0.5711943507194519
223,16.356447219848633,7.0377984046936035,0.4397667348384857
224,17.022676467895508,9.226248741149902,0.4255308508872986
225,14.240116119384766,6.219837665557861,0.4617971181869507
226,14.741349220275879,8.477250099182129,0.387300044298172
227,11.422115325927734,8.109012603759766,0.47310173511505127
228,16.30250358581543,6.7843918800354,0.4716499149799347
229,13.985695838928223,7.5461955070495605,0.4935353994369507
230,12.19552230834961,10.887280464172363,0.37734904885292053
231,18.432575225830078,9.625726699829102,0.4406939744949341
232,12.966320991516113,12.214881896972656,0.5567072629928589
233,21.60667610168457,7.181559085845947,0.5263581275939941
234,15.640300750732422,7.629281044006348,0.42160794138908386
235,14.215079307556152,7.680946350097656,0.637143611907959
236,13.600342750549316,6.448863983154297,0.5826804637908936
237,15.260494232177734,8.146767616271973,0.38764190673828125
238,14.738706588745117,9.368802070617676,0.7568492293357849
239,18.138153076171875,7.028768539428711,0.5735070109367371
240,12.710968017578125,10.1244478225708,0.48885011672973633
241,14.506513595581055,8.192150115966797,0.4151253402233124
242,13.874429702758789,8.094155311584473,0.46989428997039795
243,14.830862998962402,8.252713203430176,0.39714017510414124
244,12.210261344909668,8.838848114013672,0.4834064841270447
245,11.2400484085083,10.809350967407227,0.6149568557739258
246,12.792558670043945,8.426451683044434,0.5551913976669312
247,13.810532569885254,8.920524597167969,0.5571634769439697
248,16.587846755981445,7.658361434936523,0.4653949737548828
249,11.542375564575195,7.784520149230957,0.4409693777561188
250,14.407174110412598,11.334065437316895,0.48233088850975037
251,14.713210105895996,7.954557418823242,0.5512344837188721
252,11.828041076660156,8.20553207397461,0.5917790532112122
253,14.982383728027344,8.555978775024414,0.5988261103630066
254,16.250030517578125,7.419617652893066,0.7032675743103027
255,14.442060470581055,6.6290974617004395,0.4248005151748657
256,16.098506927490234,8.683491706848145,0.33252769708633423
257,11.12952995300293,8.085400581359863,0.47137191891670227
258,14.046417236328125,7.187353134155273,0.5346078872680664
259,12.230591773986816,10.643625259399414,0.4878811240196228
260,8.752923965454102,8.861862182617188,0.26780936121940613
261,17.019737243652344,7.030602931976318,0.608816385269165
262,17.233808517456055,5.461839199066162,0.3621731102466583
263,21.265047073364258,7.003777503967285,0.5025315284729004
264,13.76989459991455,6.0438761711120605,0.36573526263237
265,15.130098342895508,6.636132717132568,0.3887091875076294
266,9.9762601852417,9.129823684692383,0.41321834921836853
267,15.176128387451172,9.543013572692871,0.4201401472091675
268,14.83157730102539,9.515779495239258,0.34418565034866333
269,13.955068588256836,7.125596046447754,0.7043119668960571
270,12.431761741638184,6.52050256729126,0.7445445656776428
271,12.256343841552734,7.360109329223633,0.36121219396591187
272,10.384000778198242,10.120400428771973,0.5151609182357788
273,14.57926082611084,8.122385025024414,0.4617038071155548
274,15.509203910827637,8.716594696044922,0.4628804326057434
275,18.789875030517578,7.163249492645264,0.3772072196006775
276,10.434088706970215,7.998867034912109,0.5486707091331482
277,14.084731101989746,6.867522716522217,0.4088355004787445
278,17.79905891418457,7.490231037139893,0.4982842206954956
279,13.526713371276855,11.197741508483887,0.45230087637901306
280,18.829742431640625,7.978626251220703,0.4948100447654724
281,15.954974174499512,10.295751571655273,0.5398343205451965
282,17.095212936401367,6.578579425811768,0.4619736969470978
283,14.218316078186035,8.959314346313477,0.47434818744659424
284,14.03670883178711,7.181367874145508,0.6040356159210205
285,18.63871192932129,8.309598922729492,0.5938923358917236
286,12.162738800048828,7.615046501159668,0.4254714548587799
287,12.710861206054688,10.69091510772705,0.4712774455547333
288,12.47852897644043,8.472671508789062,0.3201029896736145
289,17.82950782775879,5.611456871032715,0.4092251658439636
290,10.811196327209473,9.607175827026367,0.48489847779273987
291,12.639328002929688,5.7366862297058105,0.4688626229763031
292,19.176292419433594,5.838844299316406,0.43112146854400635
293,13.316597938537598,9.35142707824707,0.36012136936187744
294,13.228818893432617,9.748451232910156,0.686533510684967
295,11.215482711791992,8.711750984191895,0.6804822683334351
296,17.28644561767578,9.085546493530273,0.48063263297080994
297,16.022186279296875,8.517826080322266,0.500203549861908
298,11.933850288391113,6.883031368255615,0.4799618721008301
299,15.725364685058594,10.994119644165039,0.4681781232357025
300,14.057275772094727,8.666740417480469,0.41447383165359497
301,16.441015243530273,7.094540596008301,0.4795844852924347
302,11.722392082214355,10.31673812866211,0.46779391169548035
303,16.78951072692871,7.909278392791748,0.4783990979194641
304,14.482043266296387,7.3996901512146,0.4332152009010315
305,13.048856735229492,10.29445743560791,0.4225232005119324
306,12.692249298095703,6.8646039962768555,0.3873615562915802
307,10.938956260681152,8.57248306274414,0.4470756947994232
308,12.266680717468262,8.138283729553223,0.3453856408596039
309,14.15088176727295,9.343103408813477,0.4140812158584595
310,17.40445899963379,5.241589546203613,0.4681064784526825
311,18.355093002319336,7.611441612243652,0.34563952684402466
312,14.503470420837402,10.11337661743164,0.42579594254493713
313,10.740168571472168,7.439256191253662,0.642507791519165
314,21.454362869262695,8.876194953918457,0.35779905319213867
315,13.417946815490723,9.380735397338867,0.3794291317462921
316,17.709030151367188,7.999958038330078,0.3933067321777344
317,13.716639518737793,8.712397575378418,0.5206838846206665
318,12.718664169311523,8.604690551757812,0.44031989574432373
319,14.543848991394043,9.353616714477539,0.4349384307861328
320,11.60257339477539,10.610616683959961,0.43885061144828796
321,10.968341827392578,7.593213081359863,0.5076014399528503
322,12.257357597351074,7.348849773406982,0.49196314811706543
323,12.030035972595215,7.139929294586182,0.46316227316856384
324,10.439640045166016,9.24410343170166,0.4146076440811157
325,20.196212768554688,9.296281814575195,0.45714113116264343
326,17.307270050048828,10.928677558898926,0.3491007089614868
327,14.615159034729004,8.752386093139648,0.4434919059276581
328,13.785419464111328,11.41211986541748,0.3655231297016144
329,13.482348442077637,9.463675498962402,0.47334665060043335
330,15.922911643981934,11.766807556152344,0.4324055016040802
331,12.097153663635254,8.196285247802734,0.43378618359565735
332,14.656390190124512,9.876910209655762,0.3030678629875183
333,16.141979217529297,10.88254165649414,0.4059637188911438
334,11.359838485717773,8.313069343566895,0.2595757842063904
335,12.979531288146973,9.304947853088379,0.4995645582675934
336,17.4183406829834,5.088753700256348,0.5386570692062378
337,11.181004524230957,10.783003807067871,0.5150496959686279
338,16.1123046875,10.76990795135498,0.4258918762207031
339,11.779593467712402,7.904443264007568,0.5365443229675293
340,12.317034721374512,8.137171745300293,0.39387479424476624
341,15.356926918029785,8.350220680236816,0.519610583782196
342,13.10418701171875,8.115381240844727,0.41295135021209717
343,17.17658042907715,8.92866325378418,0.4917661249637604
344,13.785794258117676,9.350452423095703,0.5364883542060852
345,12.872648239135742,7.50201416015625,0.4044507145881653
346,11.285970687866211,8.266794204711914,0.5122190117835999
347,15.036852836608887,10.676128387451172,0.4641495943069458
348,17.987628936767578,8.945415496826172,0.6158546805381775
349,16.757381439208984,9.263187408447266,0.5181253552436829
350,19.889598846435547,8.8316650390625,0.6154702305793762
351,16.937562942504883,8.146331787109375,0.45248815417289734
352,16.554508209228516,8.998221397399902,0.4180663526058197
353,8.363911628723145,8.50821304321289,0.4573875665664673
354,14.379497528076172,9.93112564086914,0.419923335313797
355,10.625380516052246,11.080778121948242,0.40864384174346924
356,12.623659133911133,9.401924133300781,0.5727696418762207
357,14.75580883026123,10.034111976623535,0.5676400065422058
358,17.481515884399414,7.974733352661133,0.5537002086639404
359,11.284867286682129,7.064335346221924,0.3859858810901642
360,13.63386058807373,9.437983512878418,0.3793404698371887
361,17.424604415893555,8.293033599853516,0.5019309520721436
362,11.98385238647461,10.28233528137207,0.46276143193244934
363,15.994072914123535,8.820545196533203,0.47367724776268005
364,15.208104133605957,9.584551811218262,0.5551109910011292
365,13.172093391418457,6.1991658210754395,0.38929057121276855
366,14.312237739562988,8.474079132080078,0.3502597212791443
367,16.23905372619629,9.561376571655273,0.40272632241249084
368,15.043508529663086,9.603140830993652,0.5391073822975159
369,20.538724899291992,7.125433921813965,0.3432658314704895
370,9.835854530334473,5.087370872497559,0.35803350806236267
371,12.023242950439453,6.249456405639648,0.32616105675697327
372,17.82224464416504,8.319562911987305,0.3736427128314972
373,14.435399055480957,10.461332321166992,0.36248841881752014
374,13.254426002502441,10.07752799987793,0.6352236866950989
375,16.983495712280273,7.331630229949951,0.4955092966556549
376,12.522575378417969,11.12932014465332,0.5851278305053711
377,12.443050384521484,9.703296661376953,0.35357746481895447
378,19.447437286376953,8.412508964538574,0.5035638213157654
379,18.698333740234375,8.945338249206543,0.4858718514442444
380,13.985649108886719,10.093706130981445,0.41710764169692993
381,13.878539085388184,7.986431121826172,0.5108082294464111
382,16.186851501464844,6.228777885437012,0.47547605633735657
383,14.89433479309082,8.664145469665527,0.5438635945320129
384,12.299671173095703,7.472406387329102,0.5088294148445129
385,10.753310203552246,6.744328498840332,0.3886871933937073
386,12.748668670654297,6.176469802856445,0.5742425322532654
387,17.30759620666504,6.896130084991455,0.4372561275959015
388,14.262606620788574,7.790163993835449,0.6984789371490479
389,13.333724975585938,7.808122634887695,0.44978299736976624
390,11.442459106445312,6.45322847366333,0.46060580015182495
391,18.892221450805664,8.86656665802002,0.33150139451026917
392,14.5090970993042,10.183022499084473,0.3254542946815491
393,11.867227554321289,7.975142002105713,0.41120967268943787
394,12.556292533874512,8.161589622497559,0.626499354839325
395,14.122020721435547,9.50030517578125,0.5719095468521118
396,17.287078857421875,8.108428955078125,0.47278541326522827
397,12.864032745361328,8.153922080993652,0.5424906015396118
398,20.332176208496094,8.43130111694336,0.4157678782939911
399,14.326541900634766,8.23182487487793,0.470942884683609
400,15.346748352050781,6.627222537994385,0.5176976919174194
401,11.643536567687988,7.280148029327393,0.3671136498451233
402,13.650068283081055,7.695540904998779,0.44903185963630676
403,12.954059600830078,7.573193073272705,0.48432984948158264
404,11.403122901916504,14.3901948928833,0.3696267604827881
405,20.310136795043945,7.869589805603027,0.504561722278595
406,15.634011268615723,7.386860370635986,0.3110812306404114
407,17.340429306030273,7.8895087242126465,0.4424769878387451
408,13.590239524841309,7.836053848266602,0.4392167925834656
409,16.124309539794922,7.442761421203613,0.4522382616996765
410,13.428956031799316,8.86174201965332,0.40630999207496643
411,9.962301254272461,12.262022972106934,0.54263836145401
412,10.464398384094238,9.475142478942871,0.38021039962768555
413,13.384794235229492,9.837813377380371,0.35774195194244385
414,17.3138484954834,8.321998596191406,0.5230371952056885
415,18.69699478149414,8.33106517791748,0.31768563389778137
416,15.899388313293457,13.43653678894043,0.4180949628353119
417,15.602803230285645,8.462569236755371,0.4499385356903076
418,13.391149520874023,8.915438652038574,0.49680858850479126
419,13.712862968444824,10.107413291931152,0.5176296234130859
420,13.920857429504395,6.9889068603515625,0.40122610330581665
421,13.349794387817383,6.874654769897461,0.4927723705768585
422,14.113340377807617,10.168451309204102,0.46135658025741577
423,14.194792747497559,10.873262405395508,0.3889801502227783
424,12.30990982055664,12.641932487487793,0.37086397409439087
425,12.239740371704102,9.402878761291504,0.4330669939517975
426,16.615787506103516,8.13973331451416,0.49523329734802246
427,16.184152603149414,7.8820672035217285,0.4558809995651245
428,14.637310028076172,8.448318481445312,0.4318183362483978
429,11.219186782836914,7.813268184661865,0.500443160533905
430,14.910187721252441,8.756762504577637,0.5452766418457031
431,12.899293899536133,6.984262466430664,0.6180346012115479
432,11.716005325317383,10.72627067565918,0.3471605181694031
433,15.053224563598633,9.112579345703125,0.5278379321098328
434,17.926204681396484,6.895946025848389,0.5099982023239136
435,17.83721160888672,10.44725227355957,0.551695704460144
436,11.398102760314941,9.172832489013672,0.38838639855384827
437,10.841792106628418,8.90588092803955,0.4526675045490265
438,12.91662311553955,6.993386268615723,0.43525269627571106
439,11.637622833251953,8.59302806854248,0.45402225852012634
440,14.730728149414062,8.459284782409668,0.5612856149673462
441,14.060151100158691,8.170973777770996,0.3104657828807831
442,21.660751342773438,7.09110689163208,0.44586074352264404
443,16.399080276489258,7.718222618103027,0.5453144311904907
444,13.003827095031738,9.79773235321045,0.48211658000946045
445,12.300023078918457,7.714594841003418,0.5527749061584473
446,16.675975799560547,7.523192405700684,0.5265621542930603
447,16.99185562133789,11.497385025024414,0.4688166081905365
448,16.428293228149414,7.906271457672119,0.4286011755466461
449,12.842453002929688,6.980637550354004,0.5585216879844666
450,16.45452117919922,7.456844806671143,0.4617193043231964
451,16.651395797729492,8.270237922668457,0.6244116425514221
452,15.530105590820312,7.995019435882568,0.6929633021354675
453,13.30359935760498,7.1729912757873535,0.4627237915992737
454,13.482100486755371,9.695420265197754,0.5396450161933899
455,13.417438507080078,9.752370834350586,0.5290350317955017
456,14.030810356140137,8.600631713867188,0.5079562067985535
457,15.652555465698242,10.633626937866211,0.4993434250354767
458,12.399519920349121,9.679590225219727,0.3568127751350403
459,13.02026653289795,7.393340110778809,0.6142737865447998
460,15.05086612701416,6.966609001159668,0.3762933611869812
461,13.12558650970459,9.94852066040039,0.6651246547698975
462,18.851869583129883,7.045358180999756,0.4450376033782959
463,18.50688362121582,9.005539894104004,0.49111810326576233
464,12.901107788085938,6.27258825302124,0.4209858775138855
465,14.947407722473145,10.852351188659668,0.35769614577293396
466,17.42194175720215,8.098357200622559,0.5173940062522888
467,11.618382453918457,7.676832675933838,0.496427446603775
468,13.334452629089355,7.244093418121338,0.5276262760162354
469,14.012136459350586,5.229531288146973,0.39301198720932007
470,14.274880409240723,8.448135375976562,0.3645345866680145
471,13.780401229858398,6.760852813720703,0.5126991868019104
472,15.71529769897461,8.529492378234863,0.4797675907611847
473,13.80004596710205,7.061583042144775,0.5732389688491821
474,17.596391677856445,7.148764610290527,0.5069628953933716
475,12.755099296569824,7.056027412414551,0.7521569728851318
476,14.196792602539062,10.741830825805664,0.4996607005596161
477,13.921677589416504,7.463379383087158,0.6306742429733276
478,14.169132232666016,7.920687675476074,0.4888715147972107
479,16.895883560180664,9.893646240234375,0.49375104904174805
480,14.0098876953125,9.319392204284668,0.5505019426345825
481,13.954902648925781,7.1221466064453125,0.4714012145996094
482,15.189757347106934,6.20414400100708,0.35274359583854675
483,13.67929744720459,10.298972129821777,0.6245545148849487
484,12.425461769104004,11.154792785644531,0.3304745852947235
485,12.912558555603027,10.228740692138672,0.48214346170425415
486,12.113449096679688,6.575555801391602,0.4306132197380066
487,11.403253555297852,9.75190544128418,0.44495120644569397
488,14.605698585510254,8.04730224609375,0.4130533039569855
489,11.5985107421875,8.721577644348145,0.4554644823074341
490,15.52108097076416,10.330337524414062,0.41488829255104065
491,14.138997077941895,8.770506858825684,0.4782164394855499
492,16.345975875854492,7.365866661071777,0.6478589773178101
493,13.354766845703125,9.920782089233398,0.5251381993293762
494,12.822327613830566,6.688602447509766,0.43563562631607056
495,12.459309577941895,11.512399673461914,0.5039222836494446
496,18.086023330688477,10.55858039855957,0.553696870803833
497,16.664283752441406,6.511739253997803,0.6575762629508972
498,13.978264808654785,8.276644706726074,0.5553746223449707
499,12.805047988891602,6.972236156463623,0.44427061080932617
500,14.253067970275879,8.742400169372559,0.8206558227539062
501,15.29224681854248,5.633340835571289,0.6178136467933655
502,12.322227478027344,7.617289066314697,0.49265530705451965
503,13.03662395477295,7.247317790985107,0.34683161973953247
504,16.17020606994629,9.876291275024414,0.44901829957962036
505,16.024032592773438,8.80664348602295,0.515260636806488
506,14.97650146484375,8.229475021362305,0.4724147617816925
507,14.435484886169434,7.762470722198486,0.5672049522399902
508,16.974536895751953,8.944361686706543,0.4860154092311859
509,15.885649681091309,6.6797966957092285,0.28543707728385925
510,16.18772315979004,9.495388984680176,0.3531380593776703
511,17.168155670166016,8.287507057189941,0.3074089288711548
512,11.351917266845703,7.431734085083008,0.4889912009239197
513,11.40028190612793,9.681015968322754,0.4809664487838745
514,13.50027084350586,7.984228610992432,0.46195873618125916
515,14.188536643981934,8.444320678710938,0.35170069336891174
516,13.58840560913086,7.553952217102051,0.4767160415649414
517,11.834697723388672,6.460663318634033,0.32523658871650696
518,14.69444465637207,7.360629558563232,0.4058753550052643
519,13.256448745727539,8.462980270385742,0.38843706250190735
520,12.231918334960938,8.3590669631958,0.435428649187088
521,14.097251892089844,6.990894794464111,0.46201175451278687
522,14.201610565185547,7.694588661193848,0.45300811529159546
523,20.8905086517334,9.341535568237305,0.5051565170288086
524,16.156265258789062,9.458329200744629,0.5205788612365723
525,15.022211074829102,5.696353435516357,0.45608386397361755
526,10.785426139831543,6.5825514793396,0.7303244471549988
527,14.363486289978027,8.516644477844238,0.759690523147583
528,14.45884895324707,6.882112979888916,0.5006184577941895
529,13.322418212890625,10.415618896484375,0.4568184018135071
530,14.767123222351074,5.67609167098999,0.3830878734588623
531,12.970102310180664,7.977125644683838,0.3903115391731262
532,17.671689987182617,8.543389320373535,0.4813617765903473
533,12.530323028564453,12.095296859741211,0.4255129098892212
534,11.76932430267334,8.862430572509766,0.384817898273468
535,12.55993938446045,7.053846836090088,0.462775319814682
536,16.254613876342773,11.013861656188965,0.399360716342926
537,11.999831199645996,6.241512298583984,0.5071079134941101
538,20.13886260986328,7.69339656829834,0.46991878747940063
539,13.695043563842773,9.283288955688477,0.5309159755706787
540,17.447309494018555,7.09242057800293,0.6597833633422852
541,14.421714782714844,9.139426231384277,0.5878419876098633
542,16.058988571166992,7.245631694793701,0.33835431933403015
543,12.452815055847168,8.584094047546387,0.4819927513599396
544,15.264864921569824,9.529587745666504,0.47724485397338867
545,13.694873809814453,6.181334972381592,0.6986034512519836
546,11.602418899536133,10.173742294311523,0.46948084235191345
547,17.915433883666992,9.863478660583496,0.6884481310844421
548,15.57812213897705,7.970393657684326,0.588804304599762
549,12.259847640991211,10.249055862426758,0.40227967500686646
550,15.202760696411133,7.345004081726074,0.40848758816719055
551,16.982757568359375,6.5468034744262695,0.5116184949874878
552,12.777305603027344,9.085604667663574,0.38893672823905945
553,10.6190767288208,7.746578216552734,0.4459538757801056
554,11.732902526855469,7.854249477386475,0.333160400390625
555,12.806205749511719,10.750224113464355,0.5562770366668701
556,14.440940856933594,7.882811546325684,0.581950843334198
557,11.028576850891113,6.6705732345581055,0.4906774163246155
558,16.19049835205078,7.7570109367370605,0.48248666524887085
559,14.361876487731934,7.459168910980225,0.6489893198013306
560,13.633272171020508,7.056850433349609,0.5102590918540955
561,11.860957145690918,7.441356182098389,0.35982486605644226
562,15.452474594116211,8.053803443908691,0.3514590561389923
563,15.047052383422852,6.961972236633301,0.44846877455711365
564,16.899633407592773,9.072169303894043,0.4235014021396637
565,9.54652214050293,7.393782615661621,0.5702182650566101
566,12.453287124633789,8.678474426269531,0.5053080320358276
567,14.56164836883545,12.764176368713379,0.6239703297615051
568,14.300248146057129,7.606606960296631,0.5453383922576904
569,15.254816055297852,8.213081359863281,0.45971399545669556
570,13.25383472442627,8.871435165405273,0.5093600153923035
571,11.740264892578125,8.182948112487793,0.448809415102005
572,12.117761611938477,10.092268943786621,0.5000438094139099
573,13.390555381774902,6.398632049560547,0.4605403244495392
574,14.636824607849121,10.955151557922363,0.5282748341560364
575,20.187345504760742,6.394104957580566,0.4753386676311493
576,19.790746688842773,8.919644355773926,0.5516499876976013
577,15.445649147033691,12.444904327392578,0.41465112566947937
578,19.784461975097656,9.513199806213379,0.3986693322658539
579,11.8040132522583,5.476490497589111,0.45731741189956665
580,12.283919334411621,7.840165138244629,0.4929303824901581
581,15.915848731994629,6.254628658294678,0.6004968285560608
582,14.219841957092285,7.477190017700195,0.5326268672943115
583,16.11074447631836,7.763105392456055,0.43518203496932983
584,13.985488891601562,8.382197380065918,0.49729952216148376
585,17.042545318603516,5.867254257202148,0.6525298357009888
586,11.174480438232422,11.667588233947754,0.48990488052368164
587,12.86144733428955,9.58310317993164,0.35890182852745056
588,15.708510398864746,7.398323059082031,0.49971240758895874
589,11.275284767150879,10.761502265930176,0.3502946197986603
590,14.617695808410645,8.809906959533691,0.4436894357204437
591,13.190421104431152,6.351917266845703,0.44440218806266785
592,12.525457382202148,11.23974609375,0.5030583739280701
593,13.749663352966309,10.536237716674805,0.5706872344017029
594,15.660778999328613,8.913397789001465,0.4666173756122589
595,14.905616760253906,8.569421768188477,0.3532964289188385
596,14.131994247436523,13.775532722473145,0.45537903904914856
597,14.994608879089355,5.611828804016113,0.3542343080043793
598,11.968727111816406,9.132057189941406,0.3549083471298218
599,11.537558555603027,7.9253458976745605,0.43291690945625305
600,12.574252128601074,6.976440906524658,0.5502437949180603
601,16.560415267944336,9.886831283569336,0.37196528911590576
602,16.600126266479492,8.928910255432129,0.47768616676330566
603,13.578094482421875,9.230788230895996,0.6301242113113403
604,14.816474914550781,10.087876319885254,0.4200003743171692
605,17.782339096069336,11.107667922973633,0.5194849371910095
606,12.434530258178711,7.63266134262085,0.46211376786231995
607,13.100318908691406,6.50695276260376,0.4300893545150757
608,10.064408302307129,6.91844367980957,0.5475037693977356
609,10.570889472961426,8.109225273132324,0.4984748065471649
610,10.663297653198242,8.26597785949707,0.4965374767780304
611,10.92113208770752,10.17126178741455,0.3680384159088135
612,15.42813777923584,7.637363433837891,0.5677021741867065
613,9.291349411010742,8.994633674621582,0.49043017625808716
614,15.51755142211914,7.204666614532471,0.5081455707550049
615,16.166086196899414,7.809762954711914,0.43358197808265686
616,15.284799575805664,7.1210808753967285,0.40243858098983765
617,13.59689712524414,8.829622268676758,0.31971442699432373
618,15.793805122375488,8.08326244354248,0.473532110452652
619,12.749136924743652,7.515417575836182,0.4964258670806885
620,12.244474411010742,10.054953575134277,0.4351949095726013
621,10.067837715148926,9.981392860412598,0.4285619258880615
622,15.888994216918945,9.901327133178711,0.38368871808052063
623,18.702238082885742,6.403753280639648,0.4223851263523102
624,11.51474666595459,6.822878360748291,0.5346673727035522
625,12.610651969909668,11.197456359863281,0.4809127449989319
626,11.847853660583496,7.606060981750488,0.6049559712409973
627,18.798885345458984,6.231637954711914,0.3881233334541321
628,11.143158912658691,5.585197925567627,0.5778250098228455
629,14.871957778930664,9.577513694763184,0.4960843622684479
630,12.74885082244873,10.21249771118164,0.4017094075679779
631,15.592156410217285,7.720370292663574,0.4235231578350067
632,10.296504974365234,7.568429946899414,0.5937973856925964
633,12.194559097290039,10.484186172485352,0.4317733347415924
634,12.61342716217041,8.203356742858887,0.6002020835876465
635,14.06931209564209,9.952985763549805,0.6016141176223755
636,12.79550838470459,8.022083282470703,0.5591654181480408
637,18.633705139160156,9.535698890686035,0.6026924252510071
638,11.78233528137207,9.573070526123047,0.47531700134277344
639,17.784221649169922,6.0701727867126465,0.35190919041633606
640,13.113080978393555,9.420729637145996,0.5485343337059021
641,10.782733917236328,8.272032737731934,0.4151766002178192
642,12.713895797729492,8.474095344543457,0.3883492946624756
643,17.06525421142578,5.602425575256348,0.5005219578742981
644,11.836669921875,11.243707656860352,0.5485307574272156
645,15.736413955688477,8.724665641784668,0.4778553545475006
646,14.041812896728516,7.175721168518066,0.5312831997871399
647,15.607855796813965,8.286382675170898,0.4948587119579315
648,13.973633766174316,6.735754489898682,0.33008116483688354
649,17.21177864074707,7.173426151275635,0.4125332236289978
650,16.507413864135742,7.556030750274658,0.5682966113090515
651,15.96728801727295,6.988844394683838,0.48393672704696655
652,12.632038116455078,9.045446395874023,0.4506448805332184
653,13.426523208618164,7.326244831085205,0.34860166907310486
654,13.359189987182617,12.336507797241211,0.36906787753105164
655,17.60942840576172,7.6639180183410645,0.32675081491470337
656,12.69903564453125,5.7268571853637695,0.40223589539527893
657,11.177536964416504,9.330706596374512,0.33576688170433044
658,11.93169116973877,10.505136489868164,0.3504592776298523
659,12.312609672546387,7.328841686248779,0.5640987157821655
660,17.47503089904785,7.901552677154541,0.5499827265739441
661,23.403474807739258,8.962301254272461,0.5268054008483887
662,19.11772918701172,7.917362689971924,0.3842147886753082
663,17.53679084777832,9.864717483520508,0.4346025884151459
664,16.27740478515625,6.986879348754883,0.3779911398887634
665,13.842347145080566,8.830925941467285,0.44559112191200256
666,16.036020278930664,10.840404510498047,0.5351558923721313
667,17.269737243652344,7.996319770812988,0.5964534878730774
668,16.535621643066406,9.457195281982422,0.6502096652984619
669,9.95300006866455,9.068592071533203,0.5090492367744446
670,11.950569152832031,6.8183135986328125,0.4970957636833191
671,15.156439781188965,8.314286231994629,0.5109532475471497
672,12.743441581726074,9.59090805053711,0.516927182674408
673,13.823673248291016,7.939810276031494,0.6360409259796143
674,14.450157165527344,8.926009178161621,0.41214460134506226
675,12.655135154724121,9.907527923583984,0.4357280433177948
676,13.54246711730957,8.341922760009766,0.45887356996536255
677,13.527493476867676,7.126070022583008,0.4428977370262146
678,13.79642105102539,7.789073944091797,0.5786786079406738
679,16.317426681518555,7.814208984375,0.6284054517745972
680,11.58192253112793,10.924442291259766,0.4718960225582123
681,14.632473945617676,9.75143814086914,0.4122663140296936
682,12.679104804992676,6.977458953857422,0.4605594575405121
683,13.715348243713379,10.300699234008789,0.36216628551483154
684,14.6250581741333,12.793872833251953,0.5843207836151123
685,15.410149574279785,7.0575761795043945,0.4970906376838684
686,16.32343864440918,8.870058059692383,0.8732612729072571
687,12.591460227966309,6.684154033660889,0.46322306990623474
688,11.122762680053711,7.994281768798828,0.47307273745536804
689,14.754411697387695,7.185484409332275,0.4885866641998291
690,12.4688720703125,5.966723918914795,0.34454360604286194
691,17.678897857666016,10.051487922668457,0.5601093173027039
692,15.51697826385498,9.338179588317871,0.5366557836532593
693,19.26318359375,7.650722026824951,0.6485337615013123
694,13.353057861328125,9.852638244628906,0.5085271596908569
695,13.55193042755127,11.485532760620117,0.435898095369339
696,13.186673164367676,8.400306701660156,0.5896452069282532
697,12.3632173538208,6.6193695068359375,0.3382916748523712
698,17.460155487060547,8.391901016235352,0.6317201256752014
699,12.091952323913574,7.023375988006592,0.5242487192153931
700,15.45328426361084,10.493884086608887,0.4024883210659027
701,11.018232345581055,7.628060817718506,0.49164536595344543
702,13.444721221923828,8.524505615234375,0.4770168960094452
703,13.309830665588379,10.205779075622559,0.4013550281524658
704,13.51760196685791,8.399269104003906,0.3719867765903473
705,16.618667602539062,9.656760215759277,0.5092944502830505
706,12.984310150146484,8.154870986938477,0.6487888097763062
707,11.265103340148926,9.335877418518066,0.46168217062950134
708,11.964498519897461,8.044768333435059,0.44348934292793274
709,18.68697738647461,8.292612075805664,0.5313900113105774
710,18.88189125061035,7.884777545928955,0.4747965633869171
711,12.170379638671875,9.536303520202637,0.5493910312652588
712,10.059507369995117,7.742327690124512,0.4066809117794037
713,10.766606330871582,10.590675354003906,0.4142724871635437
714,11.993321418762207,8.359293937683105,0.46511828899383545
715,15.356008529663086,8.508171081542969,0.42450830340385437
716,17.027854919433594,9.808899879455566,0.2924260199069977
717,13.05143928527832,8.892759323120117,0.49917587637901306
718,16.34237289428711,11.402005195617676,0.39110586047172546
719,10.044231414794922,9.420022010803223,0.5028119683265686
720,13.854870796203613,10.374765396118164,0.474793404340744
721,13.616292953491211,8.572415351867676,0.31228500604629517
722,14.053874015808105,8.175644874572754,0.4055864214897156
723,14.656404495239258,9.696684837341309,0.5724360942840576
724,12.682687759399414,7.31847620010376,0.6812376379966736
725,14.127911567687988,9.974462509155273,0.4600212574005127
726,9.70154094696045,8.113938331604004,0.5092006921768188
727,12.676935195922852,8.422139167785645,0.4110145568847656
728,13.21436882019043,6.372255802154541,0.5392380356788635
729,15.257493019104004,13.283378601074219,0.41244950890541077
730,19.0177059173584,7.881129741668701,0.513140857219696
731,15.072160720825195,12.31836223602295,0.6515358686447144
732,18.385927200317383,8.207974433898926,0.512056827545166
733,15.86544132232666,8.168008804321289,0.6043842434883118
734,11.499320030212402,12.197883605957031,0.3443770706653595
735,12.746893882751465,7.880171298980713,0.31522244215011597
736,11.997480392456055,7.565256595611572,0.3954283595085144
737,15.249063491821289,10.247053146362305,0.3794318437576294
738,15.567877769470215,8.615704536437988,0.6142477989196777
739,14.620017051696777,8.31967544555664,0.3682648539543152
740,12.440291404724121,7.4856696128845215,0.3773185908794403
741,14.14822006225586,9.257121086120605,0.4435533881187439
742,13.562939643859863,7.2245893478393555,0.5795924663543701
743,14.098223686218262,7.655495643615723,0.5771757364273071
744,11.70179557800293,10.289231300354004,0.47312161326408386
745,16.98044204711914,8.532221794128418,0.5530234575271606
746,14.543224334716797,6.565074920654297,0.4176107347011566
747,14.530477523803711,10.189888000488281,0.3477182984352112
748,14.066873550415039,8.479166030883789,0.48318395018577576
749,16.172035217285156,9.324023246765137,0.46593940258026123
750,11.79912281036377,8.147189140319824,0.5265110731124878
751,16.065635681152344,7.253197193145752,0.5747506618499756
752,16.99231719970703,10.216096878051758,0.5321463942527771
753,12.251398086547852,7.839035987854004,0.6879534721374512
754,14.110416412353516,9.913525581359863,0.34370264410972595
755,15.317464828491211,6.351498126983643,0.47295811772346497
756,17.801605224609375,8.922945022583008,0.407687246799469
757,17.722322463989258,7.234395503997803,0.4198325574398041
758,17.275419235229492,6.411434173583984,0.4101618826389313
759,11.743332862854004,7.047868728637695,0.4366244971752167
760,19.84146499633789,9.576862335205078,0.4686453342437744
761,13.036670684814453,7.400836944580078,0.4775070548057556
762,15.254124641418457,8.79594612121582,0.34468695521354675
763,10.721837043762207,11.314590454101562,0.4894704222679138
764,13.115738868713379,7.307669162750244,0.48061734437942505
765,13.83586311340332,6.710116386413574,0.6359648704528809
766,9.882601737976074,10.820699691772461,0.41401800513267517
767,12.052376747131348,8.52742862701416,0.3590565025806427
768,13.73776912689209,6.7474236488342285,0.5135917067527771
769,10.971508979797363,12.48306941986084,0.41510966420173645
770,16.23958396911621,8.852039337158203,0.516337513923645
771,16.231992721557617,8.019248962402344,0.5340246558189392
772,15.51401138305664,8.331986427307129,0.5053025484085083
773,14.047294616699219,8.672100067138672,0.43633967638015747
774,12.739653587341309,9.680764198303223,0.5133877396583557
775,14.988615036010742,9.528572082519531,0.38323110342025757
776,13.819441795349121,9.068486213684082,0.4605296552181244
777,11.56010913848877,8.572129249572754,0.44291743636131287
778,10.937850952148438,9.139410972595215,0.5546947717666626
779,10.694122314453125,6.878333568572998,0.5893301963806152
780,12.8353271484375,8.595894813537598,0.5038857460021973
781,14.888171195983887,6.425298690795898,0.424484521150589
782,15.461827278137207,10.84360408782959,0.591906726360321
783,11.693888664245605,7.7628092765808105,0.3807581961154938
784,11.788182258605957,5.977978706359863,0.465471476316452
785,11.161534309387207,10.612343788146973,0.46997737884521484
786,14.815446853637695,10.467127799987793,0.890714168548584
787,22.611303329467773,7.608090400695801,0.4290775954723358
788,18.62309455871582,9.912627220153809,0.49096596240997314
789,15.158568382263184,6.814347267150879,0.521579921245575
790,13.17843246459961,7.647886276245117,0.385763943195343
791,13.145432472229004,7.773996353149414,0.4107387065887451
792,17.38950538635254,6.986466884613037,0.5827953219413757
793,9.423815727233887,7.546107292175293,0.4107955992221832
794,10.558592796325684,8.22033977508545,0.577274739742279
795,17.392641067504883,5.742007255554199,0.3393436670303345
796,12.95497989654541,7.093765735626221,0.4629281759262085
797,10.482292175292969,8.051645278930664,0.5694461464881897
798,10.894662857055664,9.737879753112793,0.3269878625869751
799,14.125260353088379,8.415064811706543,0.5805234313011169
800,15.919150352478027,7.300436496734619,0.31686827540397644
801,16.013425827026367,7.905834197998047,0.5635371804237366
802,14.006491661071777,7.625622272491455,0.44667893648147583
803,11.1461820602417,8.564813613891602,0.6327111124992371
804,17.140567779541016,6.689382076263428,0.5323693752288818
805,13.981404304504395,10.853580474853516,0.41158977150917053
806,17.31157875061035,9.642494201660156,0.5844632983207703
807,10.510202407836914,7.451449394226074,0.4407806098461151
808,12.556852340698242,5.664775371551514,0.4598887860774994
809,13.562470436096191,7.161556720733643,0.5695644021034241
810,12.979144096374512,10.386783599853516,0.5160799622535706
811,11.374191284179688,10.345431327819824,0.5378315448760986
812,14.744340896606445,9.711687088012695,0.6815822720527649
813,9.520013809204102,8.333290100097656,0.7719610929489136
814,11.584465980529785,6.824879169464111,0.6436998844146729
815,17.35854721069336,8.435112953186035,0.6193289756774902
816,16.662691116333008,6.334056854248047,0.507994532585144
817,12.096199035644531,10.423593521118164,0.4307785630226135
818,13.198206901550293,6.996265411376953,0.486828088760376
819,18.007551193237305,9.947635650634766,0.5652434229850769
820,9.941900253295898,7.900625705718994,0.5060155987739563
821,17.10289764404297,8.876180648803711,0.39312806725502014
822,14.54039192199707,10.185032844543457,0.410818874835968
823,12.543334007263184,10.583781242370605,0.6100371479988098
824,15.54103946685791,8.431090354919434,0.4635844826698303
825,13.71641731262207,8.2592191696167,0.4402743875980377
826,14.315070152282715,6.637972354888916,0.512686014175415
827,19.13361930847168,9.03980827331543,0.529355525970459
828,16.442415237426758,7.5459794998168945,0.540508508682251
829,13.19339656829834,6.981072902679443,0.4636944830417633
830,14.29248046875,8.432798385620117,0.3788759410381317
831,16.72071647644043,8.74306869506836,0.5025047063827515
832,11.840424537658691,8.464531898498535,0.6049156785011292
833,18.708139419555664,13.02088451385498,0.507943868637085
834,10.952179908752441,6.32831335067749,0.379246324300766
835,13.465502738952637,11.849922180175781,0.46788641810417175
836,12.12398910522461,9.719189643859863,0.3677857220172882
837,17.9755859375,7.184974193572998,0.619138777256012
838,19.048913955688477,7.468527317047119,0.554758608341217
839,12.368470191955566,8.184886932373047,0.47011467814445496
840,15.966313362121582,11.26804256439209,0.501728892326355
841,17.351900100708008,9.383106231689453,0.4807165563106537
842,10.556387901306152,8.240191459655762,0.5372943878173828
843,13.282735824584961,8.757088661193848,0.3667817711830139
844,12.232151985168457,8.183302879333496,0.4262111186981201
845,16.9075927734375,6.741919994354248,0.3587073087692261
846,11.213653564453125,7.766695022583008,0.5224321484565735
847,11.864774703979492,7.877293586730957,0.5265671610832214
848,17.61975860595703,9.114386558532715,0.6166152954101562
849,14.616068840026855,8.97879695892334,0.3918113708496094
850,12.281515121459961,11.240520477294922,0.39016714692115784
851,11.735210418701172,11.48395824432373,0.46853184700012207
852,13.945901870727539,6.522934436798096,0.5137963891029358
853,14.782682418823242,8.809264183044434,0.6016039252281189
854,10.611111640930176,10.66401481628418,0.5586028695106506
855,17.972131729125977,7.119882583618164,0.6157912611961365
856,14.289904594421387,7.7280497550964355,0.4577959179878235
857,12.710119247436523,8.160445213317871,0.46573546528816223
858,16.04984474182129,9.362081527709961,0.3717932105064392
859,15.329389572143555,7.044483184814453,0.4420521855354309
860,20.851213455200195,8.741291046142578,0.515117347240448
861,12.639460563659668,9.419584274291992,0.5630459785461426
862,13.250245094299316,7.108091354370117,0.4087274968624115
863,13.139513969421387,8.557700157165527,0.6993157267570496
864,13.384841918945312,6.895171165466309,0.5386351346969604
865,19.58944320678711,9.91154670715332,0.4312227964401245
866,12.550121307373047,7.9846110343933105,0.5438331961631775
867,12.477282524108887,5.870156288146973,0.46989142894744873
868,14.705796241760254,9.937331199645996,0.42540761828422546
869,10.861504554748535,7.759391784667969,0.38062795996665955
870,9.329224586486816,9.99275016784668,0.38276880979537964
871,12.823742866516113,9.58142375946045,0.5197865962982178
872,21.372461318969727,10.517704963684082,0.5005409717559814
873,13.775874137878418,10.021767616271973,0.5741931200027466
874,12.998570442199707,7.313178539276123,0.4418553411960602
875,15.159830093383789,8.572053909301758,0.40368080139160156
876,11.676158905029297,7.5356903076171875,0.4719703197479248
877,13.600358963012695,9.704423904418945,0.4369466006755829
878,18.479318618774414,7.720605850219727,0.5863103866577148
879,15.803750038146973,9.005127906799316,0.34574779868125916
880,16.079669952392578,8.514727592468262,0.3591337203979492
881,18.812395095825195,7.667052268981934,0.445738285779953
882,11.500611305236816,7.609224319458008,0.4956536889076233
883,14.2181396484375,6.792675495147705,0.5811684727668762
884,15.024442672729492,8.099738121032715,0.47949811816215515
885,9.398344993591309,7.498178482055664,0.39222797751426697
886,11.723448753356934,9.86861515045166,0.5322477221488953
887,13.0301513671875,5.648869037628174,0.4667642414569855
888,14.145733833312988,6.975346088409424,0.5574639439582825
889,12.681793212890625,7.412711143493652,0.42065727710723877
890,10.25875186920166,11.149674415588379,0.48268383741378784
891,9.793391227722168,9.350724220275879,0.37804582715034485
892,20.14246940612793,9.319153785705566,0.40001755952835083
893,14.707026481628418,9.143728256225586,0.39298751950263977
894,15.802705764770508,8.050017356872559,0.4529716372489929
895,15.19301700592041,5.823756217956543,0.45159411430358887
896,15.051936149597168,6.371939659118652,0.42206859588623047
897,8.8610258102417,8.366402626037598,0.52544105052948
898,14.280586242675781,7.558201789855957,0.6884477734565735
899,16.31256866455078,6.900779724121094,0.5583150386810303
900,16.65454864501953,7.110058784484863,0.3097369968891144
901,12.992088317871094,8.332037925720215,0.3800834119319916
902,16.294038772583008,9.596200942993164,0.5143183469772339
903,13.990060806274414,8.199737548828125,0.5758049488067627
904,15.10771656036377,6.35031270980835,0.5140213370323181
905,14.804526329040527,5.130505561828613,0.39059358835220337
906,14.179730415344238,8.933109283447266,0.5195565223693848
907,19.150917053222656,8.593730926513672,0.5515284538269043
908,11.985660552978516,6.998930931091309,0.455424040555954
909,14.936395645141602,6.330926418304443,0.600867509841919
910,15.659049987792969,6.589571952819824,0.3182152807712555
911,15.551336288452148,6.555721759796143,0.45127835869789124
912,11.047395706176758,8.823019027709961,0.4404160976409912
913,14.073080062866211,6.209120750427246,0.3492462635040283
914,15.945717811584473,8.307868003845215,0.43855908513069153
915,15.589676856994629,7.664080619812012,0.44010743498802185
916,15.745439529418945,9.198877334594727,0.4480385184288025
917,16.714702606201172,7.98199987411499,0.42870691418647766
918,13.22843074798584,7.732010364532471,0.5674042105674744
919,11.955142974853516,6.699526786804199,0.489815354347229
920,12.808394432067871,8.03333568572998,0.4996097981929779
921,13.216852188110352,8.524627685546875,0.5464012026786804
922,13.958370208740234,8.690539360046387,0.5227434039115906
923,11.507759094238281,9.97590160369873,0.4138965904712677
924,11.310916900634766,12.3075532913208,0.5211856961250305
925,14.59632396697998,7.812931060791016,0.3546876013278961
926,14.031856536865234,8.351640701293945,0.3997794985771179
927,11.13050365447998,6.215267181396484,0.5335057377815247
928,16.28858184814453,8.445847511291504,0.6358538269996643
929,9.71883487701416,7.353567600250244,0.4315054416656494
930,12.291536331176758,8.611028671264648,0.5158935785293579
931,16.030385971069336,5.490328311920166,0.5115901231765747
932,15.981254577636719,10.004578590393066,0.4677392244338989
933,16.888673782348633,9.023821830749512,0.5165724754333496
934,12.472609519958496,8.692482948303223,0.4535863697528839
935,14.27241325378418,7.9346137046813965,0.48820430040359497
936,13.011344909667969,7.9203290939331055,0.5485562682151794
937,12.773035049438477,8.545949935913086,0.5720385909080505
938,13.52540397644043,8.716818809509277,0.5630685091018677
939,14.858412742614746,9.459845542907715,0.4152016341686249
940,16.217557907104492,7.920105934143066,0.413229376077652
941,14.287798881530762,10.458566665649414,0.5919321179389954
942,16.191158294677734,11.639334678649902,0.385074257850647
943,13.270906448364258,7.127505779266357,0.40966808795928955
944,20.279767990112305,9.107678413391113,0.5108010768890381
945,16.068761825561523,7.372215270996094,0.3339816927909851
946,14.236239433288574,6.213847637176514,0.5376545190811157
947,13.563030242919922,8.297967910766602,0.5620846748352051
948,15.122690200805664,8.155258178710938,0.33367282152175903
949,15.43813419342041,10.063631057739258,0.3789112865924835
950,20.11797332763672,8.61751651763916,0.4935266375541687
951,14.962146759033203,9.275713920593262,0.34897860884666443
952,15.06259822845459,6.521864891052246,0.45118358731269836
953,13.395635604858398,7.543153762817383,0.5710170865058899
954,14.42929458618164,7.014120578765869,0.4433061182498932
955,10.586216926574707,10.302938461303711,0.4093388020992279
956,18.094913482666016,10.097477912902832,0.401184618473053
957,13.833205223083496,8.072525978088379,0.35795414447784424
958,9.51249885559082,8.647435188293457,0.41071605682373047
959,20.274213790893555,9.721196174621582,0.617612361907959
960,13.648944854736328,6.9307780265808105,0.609400749206543
961,14.339466094970703,8.382075309753418,0.5349011421203613
962,17.36914825439453,9.56676197052002,0.33786529302597046
963,14.735260009765625,8.28466796875,0.5766857266426086
964,14.220014572143555,7.536284923553467,0.4388226270675659
965,13.641683578491211,8.099710464477539,0.6156700253486633
966,11.811003684997559,9.316581726074219,0.6063000559806824
967,11.938199043273926,9.150144577026367,0.4804855287075043
968,15.459177017211914,6.654266357421875,0.43871206045150757
969,17.321653366088867,8.97754955291748,0.49335020780563354
970,14.629243850708008,6.444394588470459,0.49965864419937134
971,13.11862850189209,9.14570140838623,0.6498118042945862
972,18.28880500793457,7.7592453956604,0.5430675148963928
973,11.746488571166992,9.76945686340332,0.5360596179962158
974,16.118358612060547,7.946175575256348,0.6032767295837402
975,14.292824745178223,7.5501203536987305,0.5163257122039795
976,13.590994834899902,6.110840320587158,0.3672583997249603
977,11.146272659301758,13.219634056091309,0.33446004986763
978,17.243005752563477,6.745053291320801,0.4064808785915375
979,15.975737571716309,9.083778381347656,0.3601999580860138
980,12.678104400634766,7.2801737785339355,0.5033709406852722
981,11.179130554199219,7.9499311447143555,0.4985514283180237
982,12.071365356445312,8.01419734954834,0.40169864892959595
983,19.407421112060547,10.539956092834473,0.3474895656108856
984,12.317211151123047,9.125789642333984,0.6132552027702332
985,16.44563102722168,8.142609596252441,0.4174639582633972
986,16.83991050720215,7.761807918548584,0.5180794596672058
987,15.269221305847168,7.473114013671875,0.44721320271492004
988,14.409193992614746,6.85765266418457,0.5153317451477051
989,13.328242301940918,6.955831050872803,0.45516064763069153
990,11.345553398132324,7.932380199432373,0.4679810106754303
991,20.9909610748291,9.365347862243652,0.5371716618537903
992,15.844216346740723,8.559744834899902,0.4857836365699768
993,14.053773880004883,8.703814506530762,0.5365943312644958
994,16.979143142700195,7.824440002441406,0.5398975610733032
995,12.118178367614746,8.088974952697754,0.3026752471923828
996,13.798502922058105,8.210803985595703,0.5407582521438599
997,20.586986541748047,4.922998905181885,0.48100486397743225
998,11.836241722106934,7.942142963409424,0.5338069796562195
999,17.99514389038086,6.736253261566162,0.52938312292099
