,$\tilde{\beta}$,$\theta$,$\tilde{\alpha}$
0,15.483297348022461,7.943780899047852,0.9722062945365906
1,13.798089027404785,6.004649639129639,1.2654072046279907
2,10.441136360168457,5.355042457580566,1.0813251733779907
3,9.65540885925293,5.246025085449219,1.1775131225585938
4,9.344110488891602,6.008315563201904,1.057403802871704
5,12.05880069732666,5.835128307342529,0.9794303178787231
6,10.030248641967773,8.51457691192627,1.1435571908950806
7,17.02263832092285,5.907515525817871,1.0389134883880615
8,9.59907054901123,7.720353603363037,1.0183571577072144
9,11.724069595336914,6.628445625305176,1.3938686847686768
10,11.8863525390625,8.835761070251465,0.995159924030304
11,14.00529956817627,7.90749454498291,0.8321232199668884
12,12.231904029846191,7.87799596786499,1.0794938802719116
13,15.742098808288574,10.233585357666016,1.0093005895614624
14,11.330320358276367,7.871668815612793,1.0222409963607788
15,13.791096687316895,7.5707526206970215,0.9271860718727112
16,8.81061840057373,8.74876594543457,0.7743528485298157
17,11.92506217956543,6.705362796783447,1.2872782945632935
18,8.014023780822754,6.119566440582275,1.2616063356399536
19,9.870404243469238,6.674288749694824,1.0915851593017578
20,12.979592323303223,6.511559963226318,1.151923418045044
21,14.101195335388184,7.211256980895996,1.0059629678726196
22,14.745739936828613,6.946447849273682,1.012858271598816
23,11.520161628723145,8.396686553955078,0.8288321495056152
24,12.575451850891113,6.7765936851501465,1.094749093055725
25,9.646568298339844,5.39398193359375,0.9592944383621216
26,11.84704303741455,6.355472564697266,1.0652204751968384
27,10.637417793273926,7.866666793823242,1.0750718116760254
28,10.132552146911621,7.4549479484558105,0.9612230658531189
29,9.653770446777344,10.433387756347656,1.018574595451355
30,11.333427429199219,6.113104820251465,1.1472238302230835
31,11.670378684997559,7.392788410186768,1.232423186302185
32,13.242852210998535,6.420901298522949,0.9959109425544739
33,12.607218742370605,6.699662685394287,0.9616981148719788
34,11.714547157287598,8.57402229309082,0.9493128061294556
35,8.746065139770508,5.523977756500244,1.3690282106399536
36,12.0076904296875,5.617675304412842,1.2224797010421753
37,11.746615409851074,7.566623687744141,1.094104290008545
38,16.819337844848633,8.528355598449707,1.1418431997299194
39,11.623475074768066,8.078937530517578,1.1623952388763428
40,9.47994613647461,9.01698112487793,1.0722200870513916
41,9.153127670288086,8.758675575256348,1.1257766485214233
42,9.92442512512207,11.101893424987793,1.5054600238800049
43,11.20940113067627,6.479104042053223,0.947321355342865
44,13.108867645263672,7.601373195648193,1.0773118734359741
45,10.47985553741455,7.651911735534668,1.0278286933898926
46,11.523930549621582,6.5347747802734375,0.9310383200645447
47,14.126341819763184,7.961308002471924,1.089193344116211
48,12.969554901123047,5.0385332107543945,1.0095112323760986
49,10.580078125,6.757811546325684,0.8004810810089111
50,9.937682151794434,8.092362403869629,1.1708778142929077
51,11.746455192565918,7.632754325866699,1.1402876377105713
52,8.866842269897461,8.868102073669434,0.9807412624359131
53,8.914916038513184,7.826667785644531,0.8072536587715149
54,10.406103134155273,6.6654510498046875,1.037103533744812
55,11.527739524841309,6.324499130249023,0.9716752171516418
56,9.928746223449707,6.565499305725098,1.4728360176086426
57,12.081819534301758,6.175786018371582,1.3332573175430298
58,12.179841995239258,7.253195285797119,1.0836037397384644
59,7.829192638397217,4.3425211906433105,0.8713797330856323
60,8.599352836608887,5.228829383850098,0.8696357607841492
61,12.632730484008789,6.667093753814697,1.028209924697876
62,12.60623550415039,7.862738609313965,0.8985532522201538
63,13.593457221984863,7.23591947555542,1.2717070579528809
64,9.858559608459473,7.219732284545898,1.0541938543319702
65,11.877154350280762,7.566766262054443,0.8971258401870728
66,10.980031967163086,8.607863426208496,0.7946076989173889
67,11.344817161560059,8.7671537399292,1.5099602937698364
68,11.44442367553711,8.424236297607422,0.7955337166786194
69,10.719345092773438,6.672831058502197,1.1169310808181763
70,10.409554481506348,8.328137397766113,0.9862513542175293
71,10.811676025390625,8.14822006225586,1.1673109531402588
72,13.97654914855957,6.599007606506348,0.9579298496246338
73,18.197986602783203,5.832931041717529,0.7336133122444153
74,12.882828712463379,8.124215126037598,0.9471886157989502
75,9.059502601623535,6.571508884429932,0.8649897575378418
76,12.858896255493164,7.384510517120361,0.994851291179657
77,10.586555480957031,7.132392883300781,1.065237045288086
78,13.641166687011719,7.536861896514893,1.3266438245773315
79,11.768045425415039,8.425138473510742,1.151498794555664
80,11.839315414428711,7.238893508911133,0.8083391785621643
81,13.765345573425293,6.667413711547852,0.5579505562782288
82,11.983680725097656,8.329841613769531,1.2160911560058594
83,11.841954231262207,7.235198497772217,0.8938120007514954
84,9.122784614562988,8.716573715209961,0.7988495230674744
85,12.11137866973877,6.397871017456055,0.7453959584236145
86,13.244677543640137,8.877646446228027,1.1858793497085571
87,10.67951488494873,6.42526388168335,1.0832346677780151
88,12.767865180969238,8.380380630493164,1.0536314249038696
89,7.004362106323242,6.043417930603027,1.1096816062927246
90,12.487862586975098,9.720730781555176,0.9913490414619446
91,9.92917537689209,4.618569850921631,0.7343001365661621
92,7.282665252685547,7.560797214508057,1.1696593761444092
93,11.465685844421387,6.716196060180664,1.4405266046524048
94,8.587531089782715,8.144234657287598,0.8885724544525146
95,10.601710319519043,9.3449125289917,0.8839386105537415
96,12.146282196044922,6.6872358322143555,0.9494901895523071
97,12.585424423217773,5.068480968475342,1.0447691679000854
98,12.038195610046387,6.410394191741943,0.7393741607666016
99,14.175322532653809,9.045494079589844,1.7249748706817627
100,9.970194816589355,4.141249656677246,0.7913689017295837
101,11.74050235748291,7.456551551818848,0.9554319977760315
102,11.797184944152832,7.659837245941162,1.1126633882522583
103,15.646768569946289,6.394678115844727,1.114548683166504
104,10.126091957092285,6.816425800323486,0.852238118648529
105,9.882686614990234,6.155453681945801,0.8333109617233276
106,10.883856773376465,6.669463157653809,0.7881365418434143
107,10.188112258911133,5.4821248054504395,0.8192756772041321
108,13.746533393859863,7.988266944885254,1.1426254510879517
109,12.938935279846191,6.602102756500244,1.0032120943069458
110,14.103239059448242,8.41261100769043,1.1497020721435547
111,8.451366424560547,5.546685218811035,1.1997863054275513
112,9.392148971557617,7.490416526794434,0.9247020483016968
113,12.46615219116211,7.466458797454834,0.8131648898124695
114,11.196142196655273,11.250591278076172,1.3360456228256226
115,15.934418678283691,6.900032997131348,1.2293777465820312
116,9.172883033752441,7.4109883308410645,0.9353365898132324
117,10.374483108520508,8.807621955871582,0.984658420085907
118,12.247443199157715,5.421563625335693,1.0267401933670044
119,10.34499454498291,5.121376991271973,0.7487578988075256
120,12.074313163757324,4.685821056365967,0.8163357973098755
121,12.487876892089844,6.180529594421387,1.5393080711364746
122,10.085437774658203,6.453802108764648,1.1523703336715698
123,13.051751136779785,6.742893218994141,0.7873585224151611
124,10.219395637512207,7.954984188079834,0.8795503973960876
125,13.001412391662598,6.375638961791992,1.116340160369873
126,16.907947540283203,7.149468421936035,1.4892219305038452
127,10.273719787597656,5.657636642456055,1.3063639402389526
128,12.651556968688965,6.578299522399902,0.9983817934989929
129,10.695411682128906,5.836823463439941,1.0108729600906372
130,9.287165641784668,7.042769432067871,1.4535523653030396
131,15.33084774017334,6.65728759765625,0.904874324798584
132,8.27382755279541,9.6240234375,1.0533883571624756
133,10.895730018615723,7.306187629699707,1.2647767066955566
134,16.152809143066406,6.315631866455078,0.8452781438827515
135,17.417924880981445,6.137312412261963,0.9767115116119385
136,8.945513725280762,7.799712657928467,0.8103998899459839
137,11.369571685791016,7.443469524383545,1.1762994527816772
138,11.321695327758789,6.767395496368408,1.0502036809921265
139,11.055614471435547,6.852870464324951,1.3151023387908936
140,10.222341537475586,5.799027442932129,0.8778212666511536
141,13.784873962402344,9.744319915771484,1.0203937292099
142,13.862241744995117,6.3895440101623535,1.1777658462524414
143,9.60863971710205,7.926079273223877,0.7948079109191895
144,9.12082576751709,6.747113227844238,1.0064164400100708
145,7.9197001457214355,5.712062358856201,1.1084935665130615
146,9.525278091430664,8.238104820251465,0.9550749063491821
147,12.683903694152832,8.075126647949219,0.9930248260498047
148,10.114572525024414,6.546021938323975,0.9323234558105469
149,11.281970024108887,5.595122337341309,1.5390487909317017
150,12.27154541015625,8.486175537109375,0.8760399222373962
151,11.080540657043457,6.9601616859436035,0.9406285881996155
152,10.862786293029785,7.4211249351501465,0.824842631816864
153,14.048171997070312,8.366072654724121,1.0286959409713745
154,12.88919734954834,7.434532642364502,0.9805649518966675
155,9.031075477600098,7.617525100708008,0.8219190835952759
156,11.394643783569336,7.229483127593994,1.5462946891784668
157,13.87614631652832,6.763448238372803,0.9831588864326477
158,11.412097930908203,7.358121395111084,1.023715615272522
159,11.90910530090332,6.544151306152344,0.9172356128692627
160,14.792046546936035,7.85199499130249,0.9769400358200073
161,12.648124694824219,6.6760382652282715,0.8124919533729553
162,10.448286056518555,6.214141368865967,1.1380504369735718
163,12.835586547851562,6.277045249938965,0.8501167893409729
164,11.494824409484863,5.451452255249023,1.2708649635314941
165,13.953378677368164,7.1415510177612305,0.9173158407211304
166,8.748859405517578,6.654797554016113,1.0853146314620972
167,8.291948318481445,5.260767936706543,1.0281728506088257
168,8.626022338867188,6.955777168273926,1.5314570665359497
169,11.897302627563477,5.045627117156982,0.9930732846260071
170,8.91864013671875,4.691232681274414,0.9327377080917358
171,12.830174446105957,7.049501419067383,1.1630942821502686
172,14.132000923156738,8.798382759094238,1.0131927728652954
173,13.464115142822266,7.147668838500977,1.0266019105911255
174,10.10659122467041,6.175324440002441,1.0097092390060425
175,11.229896545410156,4.909732818603516,1.219297170639038
176,8.263386726379395,5.291146278381348,0.7517889142036438
177,12.3312349319458,8.322855949401855,0.7709184885025024
178,12.448637962341309,8.362868309020996,1.0172677040100098
179,13.884542465209961,10.12222957611084,0.9357020854949951
180,9.623169898986816,9.385429382324219,0.8844980001449585
181,10.23084545135498,8.762724876403809,1.4964076280593872
182,10.222999572753906,5.9616241455078125,0.8832492828369141
183,13.555624008178711,5.798223972320557,0.8753404021263123
184,11.023645401000977,7.868368148803711,1.1328808069229126
185,14.570121765136719,8.434077262878418,1.0665665864944458
186,14.381044387817383,6.400686740875244,1.009149193763733
187,8.533961296081543,7.73805570602417,1.197791576385498
188,11.895506858825684,6.985832214355469,1.2624117136001587
189,11.166975021362305,5.024234294891357,0.9795627593994141
190,9.671882629394531,6.173592567443848,0.9234742522239685
191,10.244099617004395,8.750113487243652,1.3408623933792114
192,13.118819236755371,10.301167488098145,1.0711681842803955
193,11.447925567626953,5.706490993499756,0.8295977115631104
194,10.224108695983887,8.837515830993652,1.0685616731643677
195,14.764698028564453,8.506160736083984,1.1771596670150757
196,11.257743835449219,7.736170291900635,1.1927953958511353
197,10.105950355529785,7.4086174964904785,1.0285459756851196
198,10.18118953704834,5.727227687835693,1.1307657957077026
199,12.310954093933105,4.698884963989258,1.1508289575576782
200,13.135920524597168,5.158464431762695,1.0217921733856201
201,10.797947883605957,7.044810771942139,1.0733860731124878
202,11.849300384521484,5.418059349060059,1.2141335010528564
203,10.986124992370605,9.501258850097656,1.4195491075515747
204,11.758694648742676,7.957121849060059,0.7018041014671326
205,10.517027854919434,5.502562522888184,1.2205586433410645
206,11.88860034942627,4.24124813079834,0.9273778200149536
207,15.633750915527344,7.973978519439697,1.203305721282959
208,10.2046480178833,6.199955940246582,1.061879277229309
209,13.00536823272705,7.558668613433838,1.1666345596313477
210,13.751086235046387,6.184946537017822,1.1835260391235352
211,11.21120548248291,7.332500457763672,1.2835333347320557
212,9.865609169006348,6.6070733070373535,0.7042390704154968
213,11.795753479003906,9.683913230895996,0.9898127317428589
214,7.983065605163574,6.611688137054443,1.0263563394546509
215,11.594983100891113,7.79517126083374,1.1966729164123535
216,12.271495819091797,6.783294677734375,1.0481603145599365
217,11.762595176696777,8.647068977355957,0.7363765239715576
218,9.499333381652832,5.842623233795166,0.9772270321846008
219,10.875247955322266,8.896031379699707,1.2137001752853394
220,12.521957397460938,8.385045051574707,0.9407170414924622
221,10.629251480102539,9.115079879760742,1.1801691055297852
222,12.154853820800781,6.327373027801514,0.8201909065246582
223,12.413227081298828,7.497361660003662,1.2566479444503784
224,14.493387222290039,9.457813262939453,1.0368682146072388
225,10.314108848571777,8.244941711425781,1.0711256265640259
226,14.455022811889648,7.891852855682373,0.9162607192993164
227,8.918672561645508,7.013493537902832,1.0895719528198242
228,12.407771110534668,6.15242338180542,0.8171231150627136
229,11.546608924865723,6.806167125701904,0.9776656627655029
230,9.580873489379883,5.508193016052246,0.9995578527450562
231,10.741952896118164,5.800209999084473,0.8946545124053955
232,11.73660659790039,7.9227519035339355,1.3793376684188843
233,11.856181144714355,7.674254417419434,1.065226435661316
234,9.246766090393066,7.846435070037842,1.0454154014587402
235,8.623431205749512,10.391789436340332,1.4668327569961548
236,11.547614097595215,5.883779048919678,1.1793094873428345
237,11.676958084106445,5.880740642547607,1.2679455280303955
238,9.970744132995605,8.250421524047852,0.7597076296806335
239,8.31550121307373,11.71047592163086,1.034071683883667
240,10.194893836975098,7.366512775421143,1.0005351305007935
241,8.424519538879395,8.711523056030273,1.2428243160247803
242,12.950363159179688,6.927339553833008,0.917575478553772
243,8.976175308227539,8.477128982543945,1.6829456090927124
244,13.035017013549805,5.6140642166137695,1.1167336702346802
245,11.394683837890625,7.428088665008545,1.1433145999908447
246,10.408251762390137,9.659673690795898,0.8102973699569702
247,9.633302688598633,5.634406566619873,0.7936738729476929
248,9.138461112976074,7.553483963012695,0.9333393573760986
249,15.480477333068848,5.033792018890381,1.1660528182983398
250,12.598625183105469,8.652361869812012,1.174357533454895
251,10.99691390991211,7.12746524810791,1.086672067642212
252,8.618972778320312,8.406074523925781,1.5301200151443481
253,16.548423767089844,7.760705471038818,0.6973147392272949
254,13.733043670654297,7.6268439292907715,1.0147923231124878
255,10.348226547241211,7.097645282745361,1.0968968868255615
256,11.647210121154785,6.340526103973389,1.1648006439208984
257,15.751214981079102,5.495698928833008,1.0547407865524292
258,8.443258285522461,5.624091625213623,0.9923958778381348
259,12.73620319366455,8.524556159973145,0.8327466249465942
260,6.894041538238525,6.601756572723389,1.707594394683838
261,9.130242347717285,7.000687122344971,0.9866735339164734
262,14.93295955657959,4.678188800811768,0.9080742597579956
263,11.613394737243652,6.530001163482666,1.259242057800293
264,10.989627838134766,7.478097438812256,0.8672475814819336
265,15.966854095458984,6.283391952514648,1.1396241188049316
266,12.33848762512207,5.30785608291626,1.1433621644973755
267,11.349686622619629,7.029185771942139,1.1436512470245361
268,11.139155387878418,6.762551784515381,0.7567218542098999
269,8.096121788024902,7.470516681671143,1.146071195602417
270,11.320354461669922,5.479015827178955,1.2193154096603394
271,17.10262107849121,6.577929496765137,1.0234153270721436
272,8.61954402923584,6.542336463928223,1.116919755935669
273,11.406518936157227,7.880766868591309,1.2552841901779175
274,9.760772705078125,6.445965766906738,1.192280650138855
275,11.22133731842041,6.090844631195068,1.1507922410964966
276,9.187932968139648,4.628213405609131,0.9827969074249268
277,14.24803638458252,6.497471809387207,1.2510372400283813
278,15.290299415588379,7.6112165451049805,1.0807914733886719
279,9.910233497619629,6.4649434089660645,1.1869957447052002
280,10.885326385498047,6.753284931182861,1.002151608467102
281,12.357237815856934,8.314971923828125,0.9532342553138733
282,8.820698738098145,9.063028335571289,0.9695868492126465
283,14.007335662841797,5.958011150360107,1.0040702819824219
284,13.611855506896973,6.4010725021362305,0.9880900382995605
285,9.616399765014648,7.950090408325195,1.0635654926300049
286,10.9174165725708,7.329068660736084,1.0396565198898315
287,9.835015296936035,8.689793586730957,1.732603907585144
288,11.019805908203125,6.345622539520264,0.9400433301925659
289,9.974626541137695,6.249065399169922,1.4574946165084839
290,12.878993034362793,7.373918533325195,0.8156023621559143
291,10.281403541564941,8.046853065490723,1.335827350616455
292,7.865395545959473,7.7197113037109375,1.1000392436981201
293,14.99788761138916,6.567858695983887,1.3915305137634277
294,9.895101547241211,5.970067024230957,1.0587213039398193
295,11.393559455871582,8.169580459594727,0.7056389451026917
296,11.656171798706055,6.276989936828613,0.937593400478363
297,13.358741760253906,8.859160423278809,1.0214738845825195
298,9.235919952392578,7.410676956176758,1.1593142747879028
299,13.411581993103027,7.938784599304199,0.9181124567985535
300,8.709803581237793,7.513444900512695,1.0008448362350464
301,14.525395393371582,6.683437347412109,0.9676380157470703
302,11.309792518615723,7.190974712371826,0.8207426071166992
303,13.277545928955078,8.325040817260742,1.1605627536773682
304,11.805256843566895,5.320962429046631,0.8699145317077637
305,12.654521942138672,5.977980613708496,1.1009658575057983
306,10.127062797546387,6.728287696838379,0.7964762449264526
307,14.857473373413086,6.227807521820068,1.2891693115234375
308,16.713769912719727,9.254474639892578,1.0693148374557495
309,5.690223217010498,6.501298427581787,1.336105465888977
310,10.307867050170898,8.357192039489746,1.031170129776001
311,11.176230430603027,6.164335250854492,1.1499112844467163
312,9.85597038269043,5.855584621429443,1.1288697719573975
313,19.646207809448242,7.303051948547363,0.9497325420379639
314,12.137787818908691,8.20975112915039,0.9044147729873657
315,9.308737754821777,5.782989025115967,1.1809436082839966
316,9.037513732910156,7.132172107696533,0.7372381091117859
317,12.657427787780762,7.5798516273498535,0.8069667816162109
318,9.199883460998535,4.536980152130127,0.7713715434074402
319,15.336225509643555,7.6616435050964355,1.2422165870666504
320,12.15881061553955,8.003767967224121,1.4703458547592163
321,8.787946701049805,7.153967380523682,1.2988983392715454
322,7.333065986633301,6.247036457061768,1.0077368021011353
323,14.226179122924805,6.63095235824585,1.4620962142944336
324,16.81541633605957,9.206975936889648,1.142521858215332
325,8.398857116699219,7.300266742706299,1.2800174951553345
326,9.420053482055664,6.198765754699707,0.9139531254768372
327,11.342950820922852,7.536750316619873,1.155048131942749
328,11.231728553771973,8.373517990112305,1.37392258644104
329,11.832618713378906,5.658351421356201,1.1658122539520264
330,13.925943374633789,5.020845413208008,1.5700713396072388
331,11.095135688781738,6.647870063781738,1.1620278358459473
332,12.191088676452637,8.947561264038086,1.1413925886154175
333,13.060678482055664,6.169471740722656,0.6325701475143433
334,9.129514694213867,5.781639099121094,0.7752805352210999
335,10.581622123718262,7.617617607116699,1.0385013818740845
336,13.745307922363281,8.033731460571289,0.795802116394043
337,8.672287940979004,7.70355749130249,1.260748267173767
338,13.418062210083008,6.5723443031311035,1.093125820159912
339,15.558928489685059,7.687763690948486,1.1647690534591675
340,10.522578239440918,6.455811023712158,0.860223650932312
341,12.219175338745117,8.666145324707031,0.9792562127113342
342,13.185893058776855,6.938045978546143,1.1443493366241455
343,9.49133586883545,7.634221076965332,1.4640682935714722
344,10.427950859069824,6.781874656677246,1.026249885559082
345,9.796321868896484,6.539710998535156,1.1138336658477783
346,9.948477745056152,8.356775283813477,1.2564698457717896
347,9.153035163879395,9.960049629211426,1.0539287328720093
348,14.328912734985352,6.161550045013428,1.0291175842285156
349,13.178988456726074,5.678268909454346,1.2166191339492798
350,11.169632911682129,5.6635918617248535,1.4186893701553345
351,11.709850311279297,4.206845283508301,1.2390105724334717
352,9.827828407287598,7.845582008361816,0.7875000834465027
353,10.0580415725708,5.479568958282471,1.3896164894104004
354,9.851731300354004,6.591709136962891,1.2168076038360596
355,11.501108169555664,7.363188743591309,1.209315538406372
356,8.712896347045898,6.971214771270752,0.8813519477844238
357,11.344868659973145,9.214092254638672,1.118217945098877
358,10.538739204406738,5.148257255554199,0.9810746908187866
359,9.92601490020752,5.674582481384277,1.0337718725204468
360,9.79580307006836,5.767121315002441,0.8790404200553894
361,14.48812484741211,6.456601619720459,0.9548717737197876
362,15.8412504196167,7.5011396408081055,0.9925171732902527
363,12.37833309173584,6.417308330535889,0.9294226765632629
364,9.70728874206543,5.382259845733643,0.9344127178192139
365,11.47213363647461,5.737936496734619,0.9583097696304321
366,13.723649978637695,8.422703742980957,1.394920825958252
367,10.300895690917969,5.133491039276123,1.143126130104065
368,11.171818733215332,8.71645736694336,0.8444308638572693
369,13.981451034545898,5.059447765350342,1.063019037246704
370,10.159547805786133,5.890777587890625,0.9054479598999023
371,11.569511413574219,5.866899490356445,0.9421181082725525
372,14.580622673034668,7.687622547149658,0.9657689929008484
373,10.667289733886719,10.981969833374023,1.0947345495224
374,10.440922737121582,7.098601341247559,0.7463124990463257
375,9.87936019897461,5.59952974319458,0.7935412526130676
376,10.945998191833496,7.257730007171631,0.9085856676101685
377,11.271148681640625,6.712978363037109,1.1188697814941406
378,11.314032554626465,8.531744003295898,1.6545584201812744
379,10.892021179199219,5.508451461791992,1.4442260265350342
380,12.34947395324707,7.606505393981934,0.6809383630752563
381,16.75233268737793,7.524880409240723,0.7747266888618469
382,14.077868461608887,5.782291412353516,1.123079776763916
383,13.037074089050293,6.156757831573486,0.9353575706481934
384,15.306804656982422,5.539365291595459,0.9194304943084717
385,11.766801834106445,7.286194324493408,0.8897875547409058
386,11.939231872558594,8.43960952758789,1.1269482374191284
387,11.326736450195312,7.551058292388916,0.9623357057571411
388,13.710293769836426,6.455558776855469,1.049270510673523
389,10.93727970123291,6.436103820800781,1.0218839645385742
390,9.564383506774902,9.964570045471191,0.7973785996437073
391,13.62104606628418,5.57943868637085,1.0919133424758911
392,9.994389533996582,10.931825637817383,0.8184574246406555
393,12.953800201416016,8.181258201599121,0.948284387588501
394,7.589781284332275,9.7542724609375,1.497084140777588
395,12.697810173034668,6.522305488586426,0.9806603789329529
396,8.574006080627441,6.494979381561279,0.8937515616416931
397,12.89972972869873,8.468436241149902,1.0105098485946655
398,12.787386894226074,6.1799468994140625,1.200107216835022
399,10.742311477661133,6.86163330078125,1.1196820735931396
400,8.881247520446777,7.558300971984863,0.8649981021881104
401,9.920491218566895,9.515093803405762,1.1422232389450073
402,13.274399757385254,7.428044319152832,0.9707978963851929
403,10.33409595489502,8.161861419677734,0.7165932655334473
404,6.888380527496338,6.687504291534424,1.0828593969345093
405,7.5094475746154785,7.691936492919922,1.2945799827575684
406,12.54758071899414,6.486485958099365,0.7106178998947144
407,11.93712043762207,6.875939846038818,1.2477961778640747
408,12.98975658416748,8.155417442321777,0.8358145952224731
409,10.487089157104492,9.545682907104492,0.9273949265480042
410,9.485243797302246,4.48843240737915,1.084856629371643
411,12.233662605285645,5.841014385223389,1.089086651802063
412,11.505219459533691,5.994269371032715,1.0276527404785156
413,13.070357322692871,6.622688293457031,1.1593507528305054
414,12.090989112854004,7.262829303741455,0.7799224257469177
415,11.711795806884766,4.05506706237793,1.1101258993148804
416,12.487749099731445,5.868505477905273,0.8217864632606506
417,7.703495025634766,7.875089168548584,1.2244962453842163
418,7.526177883148193,7.207733154296875,1.2392247915267944
419,12.213032722473145,8.38219928741455,1.0600273609161377
420,11.334895133972168,7.883598804473877,0.944959282875061
421,17.805400848388672,7.29903507232666,1.4002655744552612
422,14.333085060119629,5.869410991668701,1.1076105833053589
423,10.57504653930664,10.196517944335938,1.4234514236450195
424,8.764833450317383,7.125768661499023,1.1952399015426636
425,10.51952838897705,6.378744125366211,0.8996533751487732
426,11.346294403076172,7.033637523651123,1.172067403793335
427,12.046510696411133,6.604013442993164,0.8467493057250977
428,9.299939155578613,7.952674388885498,0.925046443939209
429,14.89928150177002,6.980713367462158,1.0765981674194336
430,12.181532859802246,9.704766273498535,1.0024904012680054
431,9.674323081970215,6.084537029266357,1.485041856765747
432,8.583131790161133,6.431678771972656,0.9499371647834778
433,9.77662181854248,7.040491104125977,0.7365278005599976
434,6.840085983276367,6.676270008087158,1.1676639318466187
435,12.812848091125488,7.388419151306152,0.8424425721168518
436,10.082793235778809,5.385836124420166,1.1206870079040527
437,9.510174751281738,8.012235641479492,0.8817066550254822
438,14.886247634887695,6.151164531707764,0.8991029262542725
439,12.963689804077148,7.120819568634033,1.2073863744735718
440,9.910077095031738,6.253327369689941,0.9821367263793945
441,9.371912002563477,5.239381790161133,1.041323184967041
442,11.52034854888916,7.486892223358154,1.0106632709503174
443,11.167795181274414,7.062723636627197,0.9770935773849487
444,9.226511001586914,8.52328872680664,1.2950953245162964
445,10.271740913391113,5.544355869293213,0.8367189764976501
446,11.735790252685547,7.629892349243164,1.2138997316360474
447,15.709259033203125,8.885568618774414,0.9925125241279602
448,8.65188980102539,6.931425094604492,1.14828622341156
449,9.577552795410156,6.632844924926758,1.68755042552948
450,19.17767333984375,6.3921074867248535,1.102059245109558
451,7.727928161621094,6.155381679534912,1.0815913677215576
452,8.713346481323242,6.837404727935791,1.1189780235290527
453,8.239383697509766,6.795140266418457,1.1446012258529663
454,13.17126750946045,12.03232192993164,0.7419062852859497
455,9.654338836669922,9.611542701721191,1.0407565832138062
456,14.040487289428711,7.972391128540039,1.0417009592056274
457,14.825252532958984,8.559993743896484,1.116741418838501
458,11.54751205444336,7.785611152648926,1.1913949251174927
459,11.681982040405273,4.840579986572266,1.062813639640808
460,9.500466346740723,8.067102432250977,0.9845138788223267
461,9.496021270751953,5.357906818389893,0.974055290222168
462,12.502483367919922,7.555266857147217,0.9671974182128906
463,11.322978019714355,7.118171691894531,1.0205905437469482
464,11.225699424743652,5.864866256713867,1.3695659637451172
465,9.05673885345459,5.6408514976501465,0.9270501732826233
466,12.488043785095215,8.050712585449219,0.84171062707901
467,12.732529640197754,9.389625549316406,0.9477693438529968
468,11.91931438446045,5.53428840637207,1.4322140216827393
469,7.931894302368164,6.529909610748291,1.1180474758148193
470,12.319530487060547,6.765384674072266,1.0235402584075928
471,14.16936206817627,10.782999038696289,1.129382848739624
472,18.414060592651367,5.278819561004639,1.1210147142410278
473,11.11703872680664,6.71516752243042,1.0361803770065308
474,8.695176124572754,7.940675735473633,1.73350989818573
475,6.286574363708496,8.251002311706543,1.1469398736953735
476,11.684783935546875,7.394230365753174,1.0959899425506592
477,9.805086135864258,6.018601894378662,1.0855902433395386
478,12.696931838989258,7.411678791046143,1.128400444984436
479,15.345947265625,8.512189865112305,0.7267928123474121
480,7.923826694488525,7.371829986572266,1.4201668500900269
481,11.43835163116455,7.451833248138428,1.00362229347229
482,12.061236381530762,8.606769561767578,1.00776207447052
483,11.889691352844238,5.778600215911865,0.8644937872886658
484,17.895626068115234,8.797965049743652,1.1870185136795044
485,14.864446640014648,6.445293426513672,1.1392313241958618
486,9.991094589233398,7.661046028137207,1.1886173486709595
487,10.604101181030273,8.240269660949707,0.9775255918502808
488,11.38868236541748,6.434468746185303,0.852851152420044
489,12.436009407043457,8.21844482421875,0.9482327103614807
490,7.6828932762146,5.778234958648682,1.0237478017807007
491,13.09315299987793,6.030829429626465,1.0664348602294922
492,15.644537925720215,6.059686183929443,1.1525192260742188
493,10.067076683044434,6.607728481292725,1.0811058282852173
494,9.911008834838867,6.850950241088867,0.7710277438163757
495,10.9356107711792,6.486617565155029,0.8671920895576477
496,10.288129806518555,7.399686813354492,1.1777958869934082
497,11.486085891723633,7.474795818328857,1.0528333187103271
498,13.414674758911133,7.113929271697998,1.0181422233581543
499,10.010899543762207,6.471841812133789,1.4211461544036865
500,12.771600723266602,4.917282581329346,0.8150155544281006
501,12.308673858642578,8.573233604431152,1.124083399772644
502,12.695857048034668,6.928844451904297,1.4473812580108643
503,10.375018119812012,5.688055038452148,1.204988718032837
504,10.50409984588623,5.760102272033691,1.1505171060562134
505,10.997727394104004,7.071606636047363,1.0647093057632446
506,11.806397438049316,6.333621501922607,0.6604419350624084
507,13.67605972290039,6.14091157913208,1.0285844802856445
508,13.69934368133545,6.8604631423950195,1.190441370010376
509,10.4651517868042,5.943549156188965,1.0096663236618042
510,9.795644760131836,4.638600826263428,1.396917700767517
511,14.065482139587402,9.034320831298828,1.3119244575500488
512,8.918453216552734,6.823301792144775,1.3187832832336426
513,14.906487464904785,6.167281150817871,0.9981633424758911
514,11.946880340576172,8.768139839172363,1.1719081401824951
515,7.8123273849487305,7.483034133911133,1.2379924058914185
516,12.335684776306152,5.366997718811035,1.2686525583267212
517,9.237529754638672,7.631336688995361,1.2641044855117798
518,10.416439056396484,7.437394142150879,1.1984120607376099
519,11.877250671386719,6.248394966125488,0.9553114771842957
520,11.994039535522461,5.877889633178711,1.2610201835632324
521,8.162734985351562,7.870362758636475,1.0671279430389404
522,10.999539375305176,7.276324272155762,1.1225230693817139
523,10.102546691894531,5.7729620933532715,1.3645654916763306
524,11.641946792602539,6.017004489898682,0.9723803400993347
525,10.557060241699219,8.0512056350708,0.8126035332679749
526,16.218751907348633,5.5362372398376465,0.9696543216705322
527,10.036040306091309,6.249436378479004,1.3297353982925415
528,9.10373592376709,8.910667419433594,1.040982961654663
529,9.329229354858398,7.222460746765137,0.9198591113090515
530,11.304180145263672,6.198246479034424,1.0727289915084839
531,9.306425094604492,7.635391712188721,1.1878427267074585
532,14.620756149291992,7.22591495513916,0.9802772402763367
533,9.378287315368652,5.2007670402526855,0.9238195419311523
534,10.840646743774414,7.077672958374023,0.8985421657562256
535,9.066858291625977,7.785349369049072,0.9721050262451172
536,13.332218170166016,7.06176233291626,1.1385520696640015
537,12.502507209777832,6.171455383300781,1.121466040611267
538,11.64766788482666,8.415285110473633,1.1423996686935425
539,10.401266098022461,5.485101699829102,1.0493818521499634
540,14.044631958007812,5.459019660949707,0.8105340003967285
541,12.99204158782959,6.939163684844971,1.2963210344314575
542,10.28950309753418,6.0699687004089355,0.756266176700592
543,12.151837348937988,5.893803119659424,1.2589055299758911
544,8.898880958557129,4.562535285949707,0.9462152719497681
545,14.545038223266602,8.05261516571045,0.6385821104049683
546,12.130671501159668,9.996227264404297,1.1199733018875122
547,13.63387680053711,6.442300796508789,1.090788722038269
548,15.416742324829102,9.822771072387695,1.0658074617385864
549,8.39150333404541,6.51315975189209,1.0346282720565796
550,14.089275360107422,6.5598297119140625,1.0181262493133545
551,14.579740524291992,4.973737716674805,0.7692541480064392
552,15.607196807861328,8.519826889038086,1.1204370260238647
553,8.799323081970215,12.154555320739746,1.3591344356536865
554,8.103031158447266,6.3772196769714355,1.0262168645858765
555,10.429343223571777,6.9030680656433105,0.7941056489944458
556,19.816823959350586,7.240461349487305,0.9948940277099609
557,10.896499633789062,9.15772819519043,0.8939695358276367
558,12.027491569519043,7.96137809753418,0.8969700932502747
559,12.108271598815918,7.432382583618164,0.7978129982948303
560,11.631619453430176,7.512305736541748,0.7575592994689941
561,14.368274688720703,7.147202014923096,1.512527346611023
562,10.235625267028809,9.685635566711426,1.1906205415725708
563,11.609402656555176,5.153025150299072,1.2613166570663452
564,9.87026309967041,7.361701011657715,1.023816466331482
565,13.313518524169922,7.280643463134766,1.1230769157409668
566,9.522512435913086,6.1654767990112305,1.082139492034912
567,15.968818664550781,9.207284927368164,1.1120693683624268
568,10.324860572814941,8.106735229492188,1.2328672409057617
569,11.96227741241455,7.765008449554443,0.9160328507423401
570,15.121620178222656,7.414696216583252,0.8644108772277832
571,16.805131912231445,10.873313903808594,0.9805347919464111
572,12.495000839233398,9.167202949523926,1.3903377056121826
573,12.804819107055664,6.611927032470703,0.7735074758529663
574,12.398621559143066,8.000236511230469,1.2127933502197266
575,11.046157836914062,6.132580280303955,1.0103271007537842
576,11.199522972106934,6.852941513061523,1.2535877227783203
577,12.358911514282227,9.228569984436035,1.6431200504302979
578,13.162674903869629,8.07846736907959,0.9490820169448853
579,7.818828582763672,6.75129508972168,1.038515567779541
580,8.111193656921387,6.401791572570801,1.106271505355835
581,20.927349090576172,8.685574531555176,1.2172129154205322
582,12.915095329284668,8.03087043762207,0.8605576753616333
583,13.937762260437012,5.737309455871582,1.0358463525772095
584,13.01801872253418,5.374083995819092,1.2642719745635986
585,9.646724700927734,7.339261531829834,1.322502851486206
586,8.504796028137207,6.555283069610596,1.3769241571426392
587,14.941805839538574,10.557024955749512,1.0383192300796509
588,12.03130054473877,6.409766674041748,0.9965003728866577
589,11.879069328308105,6.227290630340576,0.8694705367088318
590,8.956441879272461,7.677204132080078,1.0704320669174194
591,11.989490509033203,9.62035083770752,1.0685700178146362
592,12.871674537658691,7.202981472015381,1.0413026809692383
593,13.561102867126465,8.313082695007324,0.934103786945343
594,8.476934432983398,7.716498374938965,1.2720706462860107
595,9.97207260131836,8.558622360229492,1.1212718486785889
596,9.522615432739258,8.726595878601074,1.2050011157989502
597,8.214449882507324,8.60986614227295,1.3027714490890503
598,14.870436668395996,7.546481609344482,1.0799431800842285
599,8.905035018920898,7.186553478240967,1.1069799661636353
600,14.280694961547852,9.134988784790039,0.7864893674850464
601,13.07023811340332,7.514184951782227,0.9959997534751892
602,12.70754623413086,7.74738883972168,0.7834985256195068
603,10.96322250366211,4.737256050109863,1.1817129850387573
604,10.393623352050781,6.353180408477783,0.912528395652771
605,12.923720359802246,8.380606651306152,0.9634402394294739
606,10.631446838378906,10.36131763458252,1.0714787244796753
607,11.054638862609863,7.057699680328369,0.9633549451828003
608,10.278207778930664,6.29153299331665,1.0325210094451904
609,8.847311019897461,5.7897748947143555,1.001024842262268
610,12.43552017211914,8.542085647583008,1.0578389167785645
611,12.3491792678833,5.555831432342529,0.9452184438705444
612,9.050431251525879,4.417740345001221,1.1542608737945557
613,10.306520462036133,6.287972450256348,0.9205548763275146
614,8.751509666442871,6.079704284667969,1.0445544719696045
615,14.708527565002441,7.6903300285339355,1.0610005855560303
616,10.05186653137207,5.604536056518555,0.8925046920776367
617,12.090879440307617,6.1128034591674805,0.9901081919670105
618,11.296134948730469,8.164645195007324,1.0585005283355713
619,10.45283317565918,6.632730960845947,1.1676511764526367
620,10.723130226135254,5.764617443084717,1.0220375061035156
621,14.535130500793457,6.64417839050293,0.9741998910903931
622,11.635710716247559,5.779082298278809,0.8920690417289734
623,13.001415252685547,7.870321273803711,1.1951968669891357
624,11.759098052978516,6.567366123199463,1.1239402294158936
625,12.769266128540039,6.495009899139404,0.9703947305679321
626,7.918238639831543,7.1057233810424805,0.9271804094314575
627,15.36694049835205,6.836702823638916,1.1220041513442993
628,12.206997871398926,6.873458385467529,0.9060347080230713
629,13.079967498779297,8.63408374786377,1.0769916772842407
630,11.744256973266602,7.49920654296875,1.198541522026062
631,8.278077125549316,6.1948394775390625,1.1491210460662842
632,11.683065414428711,9.995509147644043,1.2784993648529053
633,12.441359519958496,6.523581504821777,1.5043127536773682
634,12.004446983337402,4.164287090301514,1.0364049673080444
635,14.64203929901123,5.712577819824219,0.8552106618881226
636,12.67293643951416,5.765726566314697,1.0791140794754028
637,8.243109703063965,6.433304786682129,1.031554102897644
638,10.762256622314453,7.979427337646484,1.082572102546692
639,11.979984283447266,8.235640525817871,1.1018401384353638
640,12.080065727233887,8.421077728271484,1.1574411392211914
641,8.21049690246582,8.677251815795898,1.0334129333496094
642,10.96870231628418,6.210068225860596,0.7763655781745911
643,10.080081939697266,6.228625297546387,1.1656049489974976
644,10.003705978393555,7.067572593688965,1.0729237794876099
645,9.681595802307129,6.561573028564453,1.030703067779541
646,11.756587028503418,5.008045673370361,1.2671682834625244
647,9.508370399475098,6.947206974029541,0.9228266477584839
648,12.537527084350586,6.246744632720947,0.9360503554344177
649,10.952548027038574,4.564813137054443,1.117186188697815
650,11.990385055541992,7.75755500793457,1.3759177923202515
651,23.303274154663086,10.618841171264648,1.4319943189620972
652,15.340858459472656,8.075247764587402,1.1623632907867432
653,10.417439460754395,6.188873291015625,1.1094353199005127
654,16.70726776123047,5.851235389709473,1.2511852979660034
655,11.537393569946289,6.327003002166748,1.0146653652191162
656,12.213900566101074,7.104074001312256,0.9174603223800659
657,16.162967681884766,7.467252731323242,0.8289927840232849
658,9.63044548034668,8.072787284851074,1.4502538442611694
659,12.334805488586426,7.208595275878906,0.9619153738021851
660,6.420934200286865,7.716761589050293,1.3510570526123047
661,12.635881423950195,5.818399429321289,1.0850791931152344
662,15.510409355163574,7.516223907470703,1.0083004236221313
663,12.996519088745117,7.0197248458862305,0.8712349534034729
664,12.880145072937012,5.444206237792969,1.1856521368026733
665,10.903762817382812,6.244991779327393,1.1127277612686157
666,11.817904472351074,6.708801746368408,0.8858463168144226
667,11.836236000061035,9.98766040802002,0.9680855870246887
668,13.51488208770752,6.801414489746094,0.8010834455490112
669,11.604147911071777,6.933163166046143,1.3528083562850952
670,10.712132453918457,9.276959419250488,0.9611666798591614
671,14.514622688293457,7.136377811431885,1.2935707569122314
672,13.878071784973145,8.67634105682373,1.202091932296753
673,9.368279457092285,7.987168312072754,0.9284434914588928
674,11.253327369689941,5.830494403839111,1.1651474237442017
675,12.03905963897705,8.217536926269531,1.2757644653320312
676,13.81784439086914,8.352581977844238,1.3587380647659302
677,8.889331817626953,9.400976181030273,1.0225321054458618
678,8.325013160705566,7.802945613861084,0.8972254395484924
679,13.60925006866455,6.783998012542725,0.9277563095092773
680,9.658068656921387,5.690561771392822,1.2567088603973389
681,9.469564437866211,4.838473796844482,1.20972740650177
682,8.168416023254395,6.512845516204834,0.7566106915473938
683,10.991596221923828,9.706228256225586,0.8087812066078186
684,10.999323844909668,5.991296291351318,1.3140883445739746
685,11.604507446289062,9.310017585754395,0.8637212514877319
686,10.372868537902832,8.966109275817871,1.1625957489013672
687,11.310364723205566,6.361003398895264,1.2163101434707642
688,11.080915451049805,5.401683330535889,0.9407476186752319
689,15.838376998901367,6.469703674316406,1.0800431966781616
690,8.699804306030273,5.825218677520752,0.8825479745864868
691,11.537332534790039,6.523238658905029,1.0057032108306885
692,12.007298469543457,7.094548225402832,1.149379014968872
693,7.95883321762085,7.350737571716309,0.7981605529785156
694,11.54024600982666,8.553276062011719,1.1385396718978882
695,12.069167137145996,5.580536842346191,1.1040074825286865
696,12.476259231567383,8.788447380065918,1.14426851272583
697,11.7621431350708,8.934480667114258,1.3492944240570068
698,9.610383033752441,7.387620449066162,1.0411806106567383
699,9.133792877197266,5.874798774719238,1.2208431959152222
700,15.692825317382812,6.169026851654053,0.7891700863838196
701,13.189109802246094,5.143818378448486,1.3757764101028442
702,8.649672508239746,7.05213737487793,1.4894248247146606
703,9.266817092895508,5.372516632080078,1.1050970554351807
704,14.358124732971191,6.649331092834473,1.0833816528320312
705,14.926054954528809,8.586697578430176,1.1667290925979614
706,12.802148818969727,5.802849292755127,1.083901286125183
707,6.816474437713623,9.170567512512207,1.3939321041107178
708,8.218690872192383,5.169941425323486,0.9418990015983582
709,15.123732566833496,6.66243839263916,0.9929972290992737
710,14.03458023071289,6.290083408355713,1.1262236833572388
711,10.613675117492676,4.8003363609313965,0.8512037992477417
712,9.920353889465332,8.361207962036133,1.359175205230713
713,10.685430526733398,9.285124778747559,0.7659931778907776
714,10.536191940307617,9.817449569702148,1.0895373821258545
715,18.937366485595703,7.824016571044922,1.1464335918426514
716,9.728029251098633,7.29745626449585,1.305221676826477
717,12.531786918640137,6.253049373626709,0.9257083535194397
718,14.454520225524902,7.218100547790527,1.2865206003189087
719,12.250033378601074,8.713658332824707,1.55775785446167
720,11.361620903015137,7.496984481811523,1.0430755615234375
721,12.297887802124023,8.231298446655273,1.124998688697815
722,12.069974899291992,7.855266094207764,0.9428197741508484
723,16.333786010742188,6.178102493286133,0.8308062553405762
724,10.010818481445312,6.0171284675598145,0.9627399444580078
725,9.73259449005127,5.949197292327881,1.1595642566680908
726,5.797937870025635,7.203898906707764,1.549135446548462
727,12.414958000183105,8.273128509521484,1.0784680843353271
728,11.146049499511719,5.603499889373779,0.7654053568840027
729,13.912894248962402,5.3329033851623535,0.9914040565490723
730,10.472302436828613,5.771380424499512,1.1582802534103394
731,13.796174049377441,7.121356010437012,1.0472596883773804
732,13.577369689941406,5.953658103942871,0.9908431768417358
733,13.05527400970459,6.7671217918396,1.1700315475463867
734,14.258057594299316,8.991104125976562,1.5471304655075073
735,14.203289985656738,7.169798851013184,0.8603196740150452
736,9.816679000854492,5.2601752281188965,1.1570290327072144
737,8.794219970703125,5.510274887084961,1.1416893005371094
738,7.221975326538086,9.012880325317383,1.1662509441375732
739,10.97184944152832,9.391188621520996,1.1998001337051392
740,9.610404014587402,6.880499839782715,1.1020174026489258
741,16.454547882080078,5.507601737976074,0.9972713589668274
742,12.728708267211914,7.40864896774292,0.8235941529273987
743,14.568603515625,7.642698764801025,0.9320973753929138
744,12.880955696105957,6.7942047119140625,0.7608510851860046
745,13.501300811767578,5.920485973358154,0.8866385817527771
746,16.444297790527344,9.031270980834961,0.7919132709503174
747,13.604572296142578,7.210864067077637,0.9480021595954895
748,10.098176002502441,5.641146183013916,0.9968237280845642
749,10.064813613891602,7.011866569519043,0.9558711647987366
750,11.406840324401855,6.105623245239258,0.9719230532646179
751,6.92404842376709,5.2040276527404785,1.137261152267456
752,8.695882797241211,8.398072242736816,1.1671712398529053
753,9.551077842712402,8.379570007324219,0.9580008387565613
754,10.635396003723145,9.263687133789062,1.0825926065444946
755,10.3348970413208,6.6634521484375,0.9761191010475159
756,10.118236541748047,8.874646186828613,1.2835588455200195
757,10.879638671875,9.505985260009766,1.371478796005249
758,9.089326858520508,4.7808732986450195,0.9691132307052612
759,12.1411714553833,7.52542781829834,0.8783868551254272
760,14.243107795715332,9.340987205505371,1.0943471193313599
761,10.006893157958984,6.289531707763672,0.902446448802948
762,14.451139450073242,5.510826110839844,1.070708990097046
763,14.130454063415527,5.9028496742248535,1.6257109642028809
764,9.280900955200195,7.110191345214844,0.8082941174507141
765,10.135579109191895,7.010796546936035,1.1158391237258911
766,8.467158317565918,9.302696228027344,1.0075490474700928
767,10.197368621826172,7.252678394317627,1.0433928966522217
768,10.613161087036133,6.584194660186768,1.1071909666061401
769,8.394551277160645,9.954691886901855,0.972024142742157
770,11.567009925842285,7.464849472045898,0.9482887387275696
771,10.2825927734375,7.858070373535156,0.9032129645347595
772,11.377787590026855,6.11058235168457,1.0424987077713013
773,7.270973205566406,5.390454292297363,1.1291735172271729
774,10.189237594604492,4.988608360290527,1.1572067737579346
775,11.86194896697998,9.486700057983398,1.289141058921814
776,11.073399543762207,7.6006245613098145,0.7088826298713684
777,15.022336959838867,7.892524719238281,0.9982103109359741
778,11.461312294006348,6.304426193237305,1.6694843769073486
779,9.784284591674805,7.981244087219238,0.8650438189506531
780,9.686171531677246,7.724034309387207,0.7545772790908813
781,9.454025268554688,7.633717060089111,1.152767300605774
782,11.695852279663086,7.659331321716309,1.2904186248779297
783,13.178183555603027,7.835031986236572,0.5799241662025452
784,14.846843719482422,7.699517726898193,1.03531813621521
785,10.18787670135498,6.919859886169434,0.9487173557281494
786,15.262099266052246,6.2268877029418945,0.7801757454872131
787,12.9405517578125,5.4038166999816895,0.9373889565467834
788,12.324339866638184,6.588995456695557,1.1976875066757202
789,11.992724418640137,7.826960563659668,1.0167773962020874
790,10.22607135772705,12.093153953552246,1.3901218175888062
791,8.675512313842773,8.712748527526855,1.0025261640548706
792,10.250923156738281,5.127065181732178,0.8352724313735962
793,11.111026763916016,6.030145645141602,1.1339272260665894
794,8.300684928894043,6.999294757843018,0.8643649816513062
795,10.85685920715332,6.218810558319092,0.69504314661026
796,11.57617473602295,7.428614616394043,1.1242496967315674
797,10.281938552856445,5.2823004722595215,1.067717432975769
798,8.82750129699707,7.770709037780762,1.2196412086486816
799,10.08126449584961,7.473765850067139,1.4776183366775513
800,9.387749671936035,6.986903190612793,1.4901344776153564
801,7.89655065536499,7.019265651702881,1.3133056163787842
802,9.410082817077637,5.659821033477783,1.050794005393982
803,7.759288311004639,5.51446533203125,1.378212332725525
804,12.229477882385254,7.869021415710449,1.3686186075210571
805,12.588786125183105,7.0771484375,0.9839999675750732
806,9.722973823547363,5.878925323486328,0.9505703449249268
807,13.307377815246582,7.402682781219482,0.9028162360191345
808,10.160497665405273,8.408133506774902,1.2281858921051025
809,12.315492630004883,5.9754791259765625,1.452346920967102
810,13.869732856750488,6.126016616821289,0.9555782079696655
811,7.5862555503845215,5.3127760887146,1.108314037322998
812,7.8767266273498535,7.788327693939209,1.1723936796188354
813,10.622540473937988,6.527010440826416,0.9665713906288147
814,9.742087364196777,5.608170032501221,1.1637341976165771
815,12.467293739318848,5.806201934814453,1.1418148279190063
816,10.415738105773926,5.576531410217285,1.0987526178359985
817,10.530694961547852,8.075977325439453,1.0844353437423706
818,7.836818218231201,6.658619403839111,0.7626364231109619
819,12.200264930725098,4.934498310089111,1.200893759727478
820,11.18441390991211,5.607955455780029,1.3274710178375244
821,9.683830261230469,6.290867328643799,1.2498716115951538
822,11.532196044921875,8.358620643615723,1.0852398872375488
823,11.126521110534668,6.2068634033203125,1.3968733549118042
824,10.261773109436035,6.01910924911499,1.0459867715835571
825,10.1838960647583,6.458897113800049,0.9550771713256836
826,15.396113395690918,7.4524102210998535,0.8782773017883301
827,11.323018074035645,5.912489891052246,1.1166768074035645
828,12.139901161193848,5.574499607086182,1.1478919982910156
829,13.99372386932373,6.0833001136779785,0.9576073884963989
830,7.4132890701293945,6.848788738250732,1.1386395692825317
831,10.23048210144043,6.2772722244262695,0.977473258972168
832,9.575920104980469,6.7202630043029785,1.8143277168273926
833,8.834084510803223,7.580531120300293,0.9855721592903137
834,10.991989135742188,8.3402681350708,0.9760596752166748
835,12.739033699035645,7.22411584854126,1.0949265956878662
836,13.496123313903809,4.816945552825928,1.4909785985946655
837,12.62292194366455,7.338780403137207,1.0727839469909668
838,11.472278594970703,7.162869930267334,1.1493488550186157
839,12.594555854797363,7.525138854980469,0.8312040567398071
840,11.99856948852539,6.507890701293945,1.1820992231369019
841,14.430726051330566,7.008955955505371,1.111608624458313
842,10.467604637145996,7.944908142089844,1.2264357805252075
843,11.520216941833496,8.083439826965332,0.9772718548774719
844,11.475193977355957,5.2698516845703125,1.1050169467926025
845,10.26323413848877,6.386960983276367,0.887702226638794
846,14.792170524597168,8.099405288696289,1.0596129894256592
847,12.2160005569458,9.610170364379883,1.1538538932800293
848,12.099343299865723,6.785410404205322,0.9231057167053223
849,10.356534004211426,5.712672710418701,1.1587938070297241
850,14.912605285644531,5.978018283843994,0.7980397939682007
851,9.494813919067383,5.867048740386963,1.064719557762146
852,11.148406982421875,8.61334228515625,1.3461564779281616
853,9.22099781036377,8.121414184570312,1.0867139101028442
854,8.30325984954834,6.42320442199707,1.0507774353027344
855,10.810307502746582,7.032597541809082,0.8586986660957336
856,11.217750549316406,7.542110919952393,1.32837975025177
857,8.41069221496582,7.187534332275391,0.9453867673873901
858,9.084890365600586,8.183841705322266,0.8627219796180725
859,11.067386627197266,9.56020450592041,0.9596683382987976
860,8.951848030090332,5.462344646453857,0.9052726030349731
861,12.72867202758789,7.565821170806885,0.7432048320770264
862,10.320650100708008,6.574990272521973,1.066051721572876
863,7.7272539138793945,5.626733779907227,1.091522455215454
864,8.730107307434082,7.122269630432129,0.8707053065299988
865,12.371850967407227,9.393882751464844,0.7209687232971191
866,10.447712898254395,7.315577507019043,1.1971933841705322
867,11.20019245147705,5.644054889678955,0.9612749814987183
868,10.615525245666504,7.302704811096191,1.2726058959960938
869,9.737983703613281,7.9357757568359375,1.2184221744537354
870,9.326204299926758,5.7252960205078125,1.1218751668930054
871,10.070968627929688,5.785696506500244,0.8583086729049683
872,8.5971040725708,6.369351387023926,1.168732762336731
873,16.402509689331055,7.016338348388672,0.9381626844406128
874,8.724509239196777,7.525578498840332,1.172815203666687
875,9.447525024414062,6.470139026641846,1.0903759002685547
876,10.496514320373535,7.336660861968994,1.1583706140518188
877,10.501119613647461,6.697032928466797,1.1404403448104858
878,9.315608978271484,6.897253513336182,1.0268983840942383
879,10.376242637634277,6.109731674194336,1.1310853958129883
880,10.78806209564209,6.774410247802734,1.4025508165359497
881,17.15421485900879,7.760873794555664,1.0517299175262451
882,9.967732429504395,9.284006118774414,1.050522804260254
883,12.113628387451172,7.7713518142700195,1.179643154144287
884,12.464268684387207,6.968366622924805,0.9968404173851013
885,8.603699684143066,6.286725044250488,1.4917445182800293
886,14.44649600982666,7.274219512939453,1.180404782295227
887,9.660323143005371,7.49495792388916,0.8139221668243408
888,9.760966300964355,7.196398735046387,0.997873067855835
889,8.24011516571045,6.169534206390381,1.2115141153335571
890,10.783435821533203,8.041182518005371,1.0809270143508911
891,13.35926342010498,6.8514790534973145,0.9054043292999268
892,13.325019836425781,10.019672393798828,0.9709680080413818
893,9.202051162719727,8.785730361938477,0.95233553647995
894,11.232657432556152,6.771493434906006,0.9826369881629944
895,11.555859565734863,7.177497863769531,0.7382590174674988
896,11.532968521118164,7.5589118003845215,1.065635085105896
897,10.102693557739258,8.562456130981445,0.9273414015769958
898,9.159873008728027,6.403298377990723,0.7170384526252747
899,14.827574729919434,5.875957489013672,1.10425865650177
900,7.665670394897461,6.936731815338135,1.1449830532073975
901,11.093389511108398,6.725916385650635,0.7809600234031677
902,13.804281234741211,6.540822982788086,0.8205575346946716
903,10.0507230758667,9.488083839416504,1.642825961112976
904,9.926968574523926,5.915589809417725,0.9190810918807983
905,11.076607704162598,7.79283332824707,1.4406002759933472
906,15.277502059936523,6.523346900939941,1.0671738386154175
907,9.949336051940918,5.707802772521973,1.3594388961791992
908,12.257472038269043,6.532103538513184,1.2072346210479736
909,12.045737266540527,6.191241264343262,0.975653350353241
910,12.38856029510498,6.595384120941162,1.1535879373550415
911,9.794882774353027,6.890083312988281,1.1405881643295288
912,14.043658256530762,6.248560905456543,1.1771456003189087
913,9.591715812683105,6.177342414855957,1.0678154230117798
914,12.202010154724121,5.704494953155518,1.0982533693313599
915,11.875772476196289,7.620433330535889,1.3607962131500244
916,11.524041175842285,8.041311264038086,0.9366188049316406
917,10.613788604736328,6.1085896492004395,1.09555184841156
918,9.739307403564453,8.670751571655273,0.8022363781929016
919,10.334416389465332,6.108273029327393,1.1602048873901367
920,12.37496280670166,8.289034843444824,1.253421425819397
921,10.646859169006348,5.510773181915283,1.3337513208389282
922,11.434357643127441,7.165706634521484,1.0404163599014282
923,12.05420970916748,5.050650119781494,1.3934524059295654
924,10.952498435974121,5.001304626464844,0.9990819692611694
925,11.998895645141602,6.135994911193848,1.0169001817703247
926,13.93142318725586,8.149325370788574,0.8976996541023254
927,9.374247550964355,4.9489641189575195,1.3686108589172363
928,13.663505554199219,7.822196006774902,0.9977077841758728
929,8.974332809448242,7.125173091888428,1.4024993181228638
930,13.688429832458496,7.305934906005859,0.9256606698036194
931,14.87173843383789,6.948053359985352,1.0392986536026
932,11.095149040222168,6.339324474334717,0.9093343019485474
933,11.77214527130127,5.59241247177124,1.1294620037078857
934,8.446578025817871,6.42273473739624,1.2843730449676514
935,8.885261535644531,5.507915019989014,1.049919605255127
936,9.32228946685791,8.765777587890625,1.0342183113098145
937,10.293289184570312,7.040004253387451,0.8836445212364197
938,7.835530757904053,6.189288139343262,0.7461482882499695
939,8.187108039855957,5.263664245605469,1.453087329864502
940,9.695450782775879,8.867091178894043,0.9298086166381836
941,9.040862083435059,6.082906723022461,1.2299535274505615
942,9.815279960632324,7.128932476043701,1.2168208360671997
943,10.819146156311035,6.572791576385498,1.2808738946914673
944,7.736352920532227,9.746578216552734,1.3105096817016602
945,16.670032501220703,6.929994106292725,1.0785130262374878
946,8.297621726989746,5.09270715713501,1.1178581714630127
947,10.839959144592285,5.6836113929748535,1.0261759757995605
948,8.199315071105957,10.198380470275879,0.820273756980896
949,11.215971946716309,7.98604679107666,0.8554274439811707
950,10.018864631652832,6.492627143859863,0.8487745523452759
951,15.083890914916992,9.829497337341309,1.2070170640945435
952,9.021849632263184,5.795064926147461,1.190311074256897
953,10.924860954284668,8.742671012878418,0.9967444539070129
954,9.253501892089844,6.300565242767334,1.2946456670761108
955,12.481141090393066,7.31820821762085,0.79961097240448
956,11.31182861328125,6.588156700134277,0.9124165177345276
957,10.864938735961914,7.391422271728516,1.2086682319641113
958,8.159188270568848,6.866727352142334,0.7173312306404114
959,12.512020111083984,10.919046401977539,1.2326457500457764
960,16.379968643188477,6.0381669998168945,0.8485322594642639
961,11.716694831848145,5.988769054412842,1.4093060493469238
962,11.940875053405762,6.646001815795898,0.991795539855957
963,11.30648422241211,11.717041015625,0.805063784122467
964,14.952604293823242,5.748188018798828,0.9618648886680603
965,8.535265922546387,6.179688930511475,1.2177011966705322
966,10.390080451965332,6.913788318634033,1.4286493062973022
967,9.139022827148438,7.09587287902832,1.0716816186904907
968,9.845824241638184,6.80672550201416,1.1480051279067993
969,12.620758056640625,7.04875373840332,0.889145016670227
970,9.156862258911133,7.0281476974487305,1.0054017305374146
971,8.928175926208496,8.806047439575195,1.058308482170105
972,11.632491111755371,9.948591232299805,1.031341314315796
973,15.221104621887207,5.988424301147461,1.1325409412384033
974,12.488109588623047,4.53764533996582,1.222482442855835
975,11.014575958251953,5.312711715698242,1.0734647512435913
976,12.840741157531738,4.917943954467773,0.7287620902061462
977,11.306404113769531,5.950999736785889,1.0372980833053589
978,11.652023315429688,7.5749664306640625,0.7782151699066162
979,12.019969940185547,7.589271068572998,1.230717420578003
980,11.399518013000488,5.2124342918396,1.1964738368988037
981,9.70177936553955,5.7110676765441895,0.7435994744300842
982,12.100719451904297,8.42123794555664,1.1446090936660767
983,10.160316467285156,6.739843368530273,1.0794304609298706
984,7.788041591644287,7.650167942047119,1.0001471042633057
985,8.019184112548828,4.84407901763916,0.9964069724082947
986,14.40698528289795,6.742428779602051,1.36005437374115
987,8.224810600280762,6.39871883392334,1.1201223134994507
988,14.804448127746582,6.134644985198975,1.12791907787323
989,13.903046607971191,6.60766077041626,1.1097124814987183
990,9.184686660766602,6.409533977508545,1.2516725063323975
991,10.616486549377441,7.845509052276611,0.8126539587974548
992,8.779023170471191,9.526432037353516,0.958237886428833
993,9.892695426940918,6.7211785316467285,0.915699303150177
994,10.840926170349121,6.337691307067871,0.921665370464325
995,14.64730453491211,7.564731597900391,1.0026533603668213
996,10.44276237487793,6.929359436035156,0.9523546695709229
997,9.173517227172852,6.082235813140869,1.2750346660614014
998,15.415099143981934,6.100018501281738,0.9303250312805176
999,10.714651107788086,5.622745037078857,0.9227474927902222
